Workbook

Sheet nas
A1: fun park
A3: التاريخ
A5: الايراد | C5: ل ل | D5: $$
B6: اراكيل | D6: =C6/90000 -> 0
B7: مشروبات | D7: =C7/90000 -> 0
B8: كريب | D8: =C8/90000 -> 0
B9: العاب | D9: =C9/90000 -> 0
B10: مختلف | D10: =C10/90000 -> 0
B11: الاجمالي | C11: =SUM(C6:C10) -> 0 | D11: =SUM(D6:D10) -> 0
A12: المصاريف | C12: ل ل | D12: $ | E12: تصفيه
A13: اراكيل | B13: معسل | D13: =C13/90000 -> 0 | E13: =IF(C13<>0,0,1) -> 1
B14: فحم | D14: =C14/90000 -> 0 | E14: =IF(C14<>0,0,1) -> 1
B15: نرابيج و لوازم | D15: =C15/90000 -> 0 | E15: =IF(C15<>0,0,1) -> 1
A16: عصائر | B16: فواكهة | D16: =C16/90000 -> 0 | E16: =IF(C16<>0,0,1) -> 1
B17: عسل | D17: =C17/90000 -> 0 | E17: =IF(C17<>0,0,1) -> 1
B18: نسلة | D18: =C18/90000 -> 0 | E18: =IF(C18<>0,0,1) -> 1
B19: شوكولا | D19: =C19/90000 -> 0 | E19: =IF(C19<>0,0,1) -> 1
B20: حليب | D20: =C20/90000 -> 0 | E20: =IF(C20<>0,0,1) -> 1
B21: مشروبات غازية | D21: =C21/90000 -> 0 | E21: =IF(C21<>0,0,1) -> 1
B22: نيسكافيه و كابتشينو | D22: =C22/90000 -> 0 | E22: =IF(C22<>0,0,1) -> 1
B23: قهوة مكنة | D23: =C23/90000 -> 0 | E23: =IF(C23<>0,0,1) -> 1
B24: لوازم أخرى | D24: =C24/90000 -> 0 | E24: =IF(C24<>0,0,1) -> 1
A25: لوازم | B25: كبيايات | D25: =C25/90000 -> 0 | E25: =IF(C25<>0,0,1) -> 1
B26: محارم | D26: =C26/90000 -> 0 | E26: =IF(C26<>0,0,1) -> 1
B27: مواد تنظيف | D27: =C27/90000 -> 0 | E27: =IF(C27<>0,0,1) -> 1
B28: مختلف | D28: =C28/90000 -> 0 | E28: =IF(C28<>0,0,1) -> 1
B29: مازوت | D29: =C29/90000 -> 0 | E29: =IF(C29<>0,0,1) -> 1
B30: صيانة | D30: =C30/90000 -> 0 | E30: =IF(C30<>0,0,1) -> 1
B31: اقتناء أصول | D31: =C31/90000 -> 0 | E31: =IF(C31<>0,0,1) -> 1
B32: سلف موظفين | D32: =C32/90000 -> 0 | E32: =IF(C32<>0,0,1) -> 1
B33: بنزين | D33: =C33/90000 -> 0 | E33: =IF(C33<>0,0,1) -> 1
B34: نقل | D34: =C34/90000 -> 0 | E34: =IF(C34<>0,0,1) -> 1
B35: رواتب | D35: =C35/90000 -> 0 | E35: =IF(C35<>0,0,1) -> 1
A37: اجمالي المصاريف | C37: =SUM(C13:C35) -> 0 | D37: =SUM(D13:D35) -> 0
A38: الرصيد السابق | D38: 1360
A40: الرصيد الحالي | C40: =(C38+C11)-C37 -> 0 | D40: =D38 -> 1360
B42: الرصيد $ | C42: =D40+(C40/90000) -> 1360

Sheet الرئيسية
D1: fun park
D3: جدول متابعة عن شهر آذار 2025
D5: الايام
C8: 1 | D8: 2 | E8: 3 | F8: 4 | G8: 5 | H8: 6 | I8: 7 | J8: 8 | K8: 9 | L8: 10 | M8: 11 | N8: 12 | O8: 13 | P8: 14 | Q8: 15 | R8: 16
C9: 17 | D9: 18 | E9: 19 | F9: 20 | G9: 21 | H9: 22 | I9: 23 | J9: 24 | K9: 25 | L9: 26 | M9: 27 | N9: 28 | O9: 29 | P9: 30 | Q9: 31
C11: مجموع الايام | G11: المجموع العام | K11: دراسة

Sheet 1
A1: fun park | D1: الصفحة الرئيسية
A3: التاريخ
A5: الايراد | C5: ل ل | D5: $$ | E5: عدد
B6: اراكيل | C6: 7150000 | D6: =C6/90000 -> 79.444444 | E6: 26
B7: مشروبات | C7: 17740000 | D7: =C7/90000 -> 197.11111 | E7: =E11-E6-E8-E9-E10 -> 114
B8: كريب | C8: 4720000 | D8: =C8/90000 -> 52.444444 | E8: 15
B9: العاب | C9: 6300000 | D9: =C9/90000 -> 70 | E9: 30
B10: مختلف | C10: 150000 | D10: =C10/90000 -> 1.6666667 | E10: 1
B11: الاجمالي | C11: =SUM(C6:C10) -> 36060000 | D11: =SUM(D6:D10) -> 400.66667 | E11: 186 | G11: =36060000-C11 -> 0
A12: المصاريف | C12: ل ل | D12: $ | E12: تصفيه
A13: اراكيل | B13: معسل | D13: =C13/90000 -> 0 | E13: =IF(C13<>0,0,1) -> 1
B14: فحم | D14: =C14/90000 -> 0 | E14: =IF(C14<>0,0,1) -> 1
B15: نرابيج و لوازم | C15: 200000 | D15: =C15/90000 -> 2.2222222 | E15: =IF(C15<>0,0,1) -> 0
A16: عصائر | B16: فواكهة | C16: 250000 | D16: =C16/90000 -> 2.7777778 | E16: =IF(C16<>0,0,1) -> 0
B17: عسل | D17: =C17/90000 -> 0 | E17: =IF(C17<>0,0,1) -> 1
B18: نسلة | D18: =C18/90000 -> 0 | E18: =IF(C18<>0,0,1) -> 1
B19: شوكولا | D19: =C19/90000 -> 0 | E19: =IF(C19<>0,0,1) -> 1
B20: حليب | D20: =C20/90000 -> 0 | E20: =IF(C20<>0,0,1) -> 1
B21: مشروبات غازية | D21: =C21/90000 -> 0 | E21: =IF(C21<>0,0,1) -> 1
B22: نيسكافيه و كابتشينو | D22: =C22/90000 -> 0 | E22: =IF(C22<>0,0,1) -> 1
B23: قهوة مكنة | D23: =C23/90000 -> 0 | E23: =IF(C23<>0,0,1) -> 1
B24: لوازم أخرى | D24: =C24/90000 -> 0 | E24: =IF(C24<>0,0,1) -> 1
A25: لوازم | B25: كبيايات | D25: =C25/90000 -> 0 | E25: =IF(C25<>0,0,1) -> 1
B26: محارم | D26: =C26/90000 -> 0 | E26: =IF(C26<>0,0,1) -> 1
B27: مواد تنظيف | D27: =C27/90000 -> 0 | E27: =IF(C27<>0,0,1) -> 1
B28: مختلف | C28: 2700000 | D28: =C28/90000 -> 30 | E28: =IF(C28<>0,0,1) -> 0
B29: مازوت | D29: =C29/90000 -> 0 | E29: =IF(C29<>0,0,1) -> 1
B30: صيانة | C30: 350000 | D30: =C30/90000 -> 3.8888889 | E30: =IF(C30<>0,0,1) -> 0
B31: اقتناء أصول | D31: =C31/90000 -> 0 | E31: =IF(C31<>0,0,1) -> 1
B32: سلف موظفين | C32: 750000 | D32: =C32/90000 -> 8.3333333 | E32: =IF(C32<>0,0,1) -> 0
B33: بنزين | D33: =C33/90000 -> 0 | E33: =IF(C33<>0,0,1) -> 1
B34: نقل | C34: 200000 | D34: =C34/90000 -> 2.2222222 | E34: =IF(C34<>0,0,1) -> 0
B35: رواتب | C35: 256620000 | D35: =C35/90000 -> 2851.3333 | E35: =IF(C35<>0,0,1) -> 0
A37: اجمالي المصاريف | C37: =SUM(C13:C35) -> 261070000 | D37: =SUM(D13:D35) -> 2900.7778
A38: الرصيد السابق | D38: 35632.943
A40: الرصيد الحالي | C40: =(C38+C11)-C37 -> -225010000 | D40: =D38 -> 35632.943
B42: الرصيد $ | C42: =D40+(C40/90000) -> 33132.832
A43: ملاحظات

Sheet 2
A1: fun park | D1: الصفحة الرئيسية
A3: التاريخ
A5: الايراد | C5: ل ل | D5: $$ | E5: عدد
B6: اراكيل | C6: 6860000 | D6: =C6/90000 -> 76.222222 | E6: 24
B7: مشروبات | C7: 23780000 | D7: =C7/90000 -> 264.22222 | E7: =E11-E6-E8-E9-E10 -> 132
B8: كريب | C8: =1570000+700000 -> 2270000 | D8: =C8/90000 -> 25.222222 | E8: 7
B9: العاب | C9: 9900000 | D9: =C9/90000 -> 110 | E9: 51
B10: مختلف | C10: 1160000 | D10: =C10/90000 -> 12.888889 | E10: 8
B11: الاجمالي | C11: =SUM(C6:C10) -> 43970000 | D11: =SUM(D6:D10) -> 488.55556 | E11: 222 | G11: =43970000-C11 -> 0
A12: المصاريف | C12: ل ل | D12: $ | E12: تصفيه
A13: اراكيل | B13: معسل | C13: =51*90000 -> 4590000 | D13: =C13/90000 -> 51 | E13: =IF(C13<>0,0,1) -> 0
B14: فحم | D14: =C14/90000 -> 0 | E14: =IF(C14<>0,0,1) -> 1
B15: نرابيج و لوازم | D15: =C15/90000 -> 0 | E15: =IF(C15<>0,0,1) -> 1
A16: عصائر | B16: فواكهة | C16: 1600000 | D16: =C16/90000 -> 17.777778 | E16: =IF(C16<>0,0,1) -> 0
B17: عسل | D17: =C17/90000 -> 0 | E17: =IF(C17<>0,0,1) -> 1
B18: نسلة | D18: =C18/90000 -> 0 | E18: =IF(C18<>0,0,1) -> 1
B19: شوكولا | C19: =46*90000 -> 4140000 | D19: =C19/90000 -> 46 | E19: =IF(C19<>0,0,1) -> 0
B20: حليب | D20: =C20/90000 -> 0 | E20: =IF(C20<>0,0,1) -> 1
B21: مشروبات غازية | D21: =C21/90000 -> 0 | E21: =IF(C21<>0,0,1) -> 1
B22: نيسكافيه و كابتشينو | D22: =C22/90000 -> 0 | E22: =IF(C22<>0,0,1) -> 1
B23: قهوة مكنة | D23: =C23/90000 -> 0 | E23: =IF(C23<>0,0,1) -> 1
B24: لوازم أخرى | D24: =C24/90000 -> 0 | E24: =IF(C24<>0,0,1) -> 1
A25: لوازم | B25: كبيايات | D25: =C25/90000 -> 0 | E25: =IF(C25<>0,0,1) -> 1
B26: محارم | D26: =C26/90000 -> 0 | E26: =IF(C26<>0,0,1) -> 1
B27: مواد تنظيف | D27: =C27/90000 -> 0 | E27: =IF(C27<>0,0,1) -> 1
B28: مختلف | D28: =C28/90000 -> 0 | E28: =IF(C28<>0,0,1) -> 1
B29: مازوت | D29: =C29/90000 -> 0 | E29: =IF(C29<>0,0,1) -> 1
B30: صيانة | C30: 2700000 | D30: =C30/90000 -> 30 | E30: =IF(C30<>0,0,1) -> 0
B31: اقتناء أصول | D31: =C31/90000 -> 0 | E31: =IF(C31<>0,0,1) -> 1
B32: سلف موظفين | C32: =1800000+200000 -> 2000000 | D32: =C32/90000 -> 22.222222 | E32: =IF(C32<>0,0,1) -> 0
B33: بنزين | D33: =C33/90000 -> 0 | E33: =IF(C33<>0,0,1) -> 1
B34: نقل | D34: =C34/90000 -> 0 | E34: =IF(C34<>0,0,1) -> 1
B35: رواتب | D35: =C35/90000 -> 0 | E35: =IF(C35<>0,0,1) -> 1
A37: اجمالي المصاريف | C37: =SUM(C13:C35) -> 15030000 | D37: =SUM(D13:D35) -> 167
A38: الرصيد السابق | D38: ='1'!C42 -> 33132.832
A40: الرصيد الحالي | C40: =(C38+C11)-C37 -> 28940000 | D40: =D38 -> 33132.832
B42: الرصيد $ | C42: =D40+(C40/90000) -> 33454.387
A43: ملاحظات

Sheet 3
A1: fun park | D1: الصفحة الرئيسية
A3: التاريخ
A5: الايراد | C5: ل ل | D5: $$ | E5: عدد
B6: اراكيل | C6: 8130000 | D6: =C6/90000 -> 90.333333 | E6: 28
B7: مشروبات | C7: 27200000 | D7: =C7/90000 -> 302.22222 | E7: =E11-E6-E8-E9-E10 -> 157
B8: كريب | C8: 5090000 | D8: =C8/90000 -> 56.555556 | E8: 16
B9: العاب | C9: 11750000 | D9: =C9/90000 -> 130.55556 | E9: 56
B10: مختلف | D10: =C10/90000 -> 0
B11: الاجمالي | C11: =SUM(C6:C10) -> 52170000 | D11: =SUM(D6:D10) -> 579.66667 | E11: 257 | G11: =52170000-C11 -> 0
A12: المصاريف | C12: ل ل | D12: $ | E12: تصفيه
A13: اراكيل | B13: معسل | D13: =C13/90000 -> 0 | E13: =IF(C13<>0,0,1) -> 1
B14: فحم | D14: =C14/90000 -> 0 | E14: =IF(C14<>0,0,1) -> 1
B15: نرابيج و لوازم | D15: =C15/90000 -> 0 | E15: =IF(C15<>0,0,1) -> 1
A16: عصائر | B16: فواكهة | D16: =C16/90000 -> 0 | E16: =IF(C16<>0,0,1) -> 1
B17: عسل | D17: =C17/90000 -> 0 | E17: =IF(C17<>0,0,1) -> 1
B18: نسلة | D18: =C18/90000 -> 0 | E18: =IF(C18<>0,0,1) -> 1
B19: شوكولا | D19: =C19/90000 -> 0 | E19: =IF(C19<>0,0,1) -> 1
B20: حليب | D20: =C20/90000 -> 0 | E20: =IF(C20<>0,0,1) -> 1
B21: مشروبات غازية | D21: =C21/90000 -> 0 | E21: =IF(C21<>0,0,1) -> 1
B22: نيسكافيه و كابتشينو | D22: =C22/90000 -> 0 | E22: =IF(C22<>0,0,1) -> 1
B23: قهوة مكنة | D23: =C23/90000 -> 0 | E23: =IF(C23<>0,0,1) -> 1
B24: لوازم أخرى | D24: =C24/90000 -> 0 | E24: =IF(C24<>0,0,1) -> 1
A25: لوازم | B25: كبيايات | D25: =C25/90000 -> 0 | E25: =IF(C25<>0,0,1) -> 1
B26: محارم | D26: =C26/90000 -> 0 | E26: =IF(C26<>0,0,1) -> 1
B27: مواد تنظيف | D27: =C27/90000 -> 0 | E27: =IF(C27<>0,0,1) -> 1
B28: مختلف | C28: 80000 | D28: =C28/90000 -> 0.88888889 | E28: =IF(C28<>0,0,1) -> 0
B29: مازوت | D29: =C29/90000 -> 0 | E29: =IF(C29<>0,0,1) -> 1
B30: صيانة | D30: =C30/90000 -> 0 | E30: =IF(C30<>0,0,1) -> 1
B31: اقتناء أصول | D31: =C31/90000 -> 0 | E31: =IF(C31<>0,0,1) -> 1
B32: سلف موظفين | C32: 1360000 | D32: =C32/90000 -> 15.111111 | E32: =IF(C32<>0,0,1) -> 0
B33: بنزين | D33: =C33/90000 -> 0 | E33: =IF(C33<>0,0,1) -> 1
B34: نقل | C34: 200000 | D34: =C34/90000 -> 2.2222222 | E34: =IF(C34<>0,0,1) -> 0
B35: رواتب | C35: 500000 | D35: =C35/90000 -> 5.5555556 | E35: =IF(C35<>0,0,1) -> 0
A37: اجمالي المصاريف | C37: =SUM(C13:C35) -> 2140000 | D37: =SUM(D13:D35) -> 23.777778
A38: الرصيد السابق | D38: ='2'!C42 -> 33454.387
A40: الرصيد الحالي | C40: =(C38+C11)-C37 -> 50030000 | D40: =D38 -> 33454.387
B42: الرصيد $ | C42: =D40+(C40/90000) -> 34010.276
A43: ملاحظات

Sheet 4
A1: fun park | D1: الصفحة الرئيسية
A3: التاريخ
A5: الايراد | C5: ل ل | D5: $$ | E5: عدد
B6: اراكيل | C6: 7630000 | D6: =C6/90000 -> 84.777778 | E6: 26
B7: مشروبات | C7: 29680000 | D7: =C7/90000 -> 329.77778 | E7: =E11-E6-E8-E9-E10 -> 168
B8: كريب | C8: 4960000 | D8: =C8/90000 -> 55.111111 | E8: 15
B9: العاب | C9: 9650000 | D9: =C9/90000 -> 107.22222 | E9: 41
B10: مختلف | D10: =C10/90000 -> 0
B11: الاجمالي | C11: =SUM(C6:C10) -> 51920000 | D11: =SUM(D6:D10) -> 576.88889 | E11: 250 | G11: =51920000-C11 -> 0
A12: المصاريف | C12: ل ل | D12: $ | E12: تصفيه
A13: اراكيل | B13: معسل | D13: =C13/90000 -> 0 | E13: =IF(C13<>0,0,1) -> 1
B14: فحم | D14: =C14/90000 -> 0 | E14: =IF(C14<>0,0,1) -> 1
B15: نرابيج و لوازم | D15: =C15/90000 -> 0 | E15: =IF(C15<>0,0,1) -> 1
A16: عصائر | B16: فواكهة | C16: 1650000 | D16: =C16/90000 -> 18.333333 | E16: =IF(C16<>0,0,1) -> 0
B17: عسل | D17: =C17/90000 -> 0 | E17: =IF(C17<>0,0,1) -> 1
B18: نسلة | D18: =C18/90000 -> 0 | E18: =IF(C18<>0,0,1) -> 1
B19: شوكولا | D19: =C19/90000 -> 0 | E19: =IF(C19<>0,0,1) -> 1
B20: حليب | D20: =C20/90000 -> 0 | E20: =IF(C20<>0,0,1) -> 1
B21: مشروبات غازية | D21: =C21/90000 -> 0 | E21: =IF(C21<>0,0,1) -> 1
B22: نيسكافيه و كابتشينو | D22: =C22/90000 -> 0 | E22: =IF(C22<>0,0,1) -> 1
B23: قهوة مكنة | D23: =C23/90000 -> 0 | E23: =IF(C23<>0,0,1) -> 1
B24: لوازم أخرى | D24: =C24/90000 -> 0 | E24: =IF(C24<>0,0,1) -> 1
A25: لوازم | B25: كبيايات | D25: =C25/90000 -> 0 | E25: =IF(C25<>0,0,1) -> 1
B26: محارم | D26: =C26/90000 -> 0 | E26: =IF(C26<>0,0,1) -> 1
B27: مواد تنظيف | D27: =C27/90000 -> 0 | E27: =IF(C27<>0,0,1) -> 1
B28: مختلف | D28: =C28/90000 -> 0 | E28: =IF(C28<>0,0,1) -> 1
B29: مازوت | D29: =C29/90000 -> 0 | E29: =IF(C29<>0,0,1) -> 1
B30: صيانة | C30: =90*90000 -> 8100000 | D30: =C30/90000 -> 90 | E30: =IF(C30<>0,0,1) -> 0
B31: اقتناء أصول | D31: =C31/90000 -> 0 | E31: =IF(C31<>0,0,1) -> 1
B32: سلف موظفين | C32: 200000 | D32: =C32/90000 -> 2.2222222 | E32: =IF(C32<>0,0,1) -> 0
B33: بنزين | D33: =C33/90000 -> 0 | E33: =IF(C33<>0,0,1) -> 1
B34: نقل | C34: 200000 | D34: =C34/90000 -> 2.2222222 | E34: =IF(C34<>0,0,1) -> 0
B35: رواتب | D35: =C35/90000 -> 0 | E35: =IF(C35<>0,0,1) -> 1
A37: اجمالي المصاريف | C37: =SUM(C13:C35) -> 10150000 | D37: =SUM(D13:D35) -> 112.77778
A38: الرصيد السابق | D38: ='3'!C42 -> 34010.276
A40: الرصيد الحالي | C40: =(C38+C11)-C37 -> 41770000 | D40: =D38 -> 34010.276
B42: الرصيد $ | C42: =D40+(C40/90000) -> 34474.387
A43: ملاحظات

Sheet 5
A1: fun park | D1: الصفحة الرئيسية
A3: التاريخ
A5: الايراد | C5: ل ل | D5: $$ | E5: عدد
B6: اراكيل | C6: 7860000 | D6: =C6/90000 -> 87.333333 | E6: 27
B7: مشروبات | C7: 24360000 | D7: =C7/90000 -> 270.66667 | E7: =E11-E6-E8-E9-E10 -> 148
B8: كريب | C8: 3880000 | D8: =C8/90000 -> 43.111111 | E8: 12
B9: العاب | C9: 8950000 | D9: =C9/90000 -> 99.444444 | E9: 37
B10: مختلف | C10: 2470000 | D10: =C10/90000 -> 27.444444 | E10: 17
B11: الاجمالي | C11: =SUM(C6:C10) -> 47520000 | D11: =SUM(D6:D10) -> 528 | E11: 241 | G11: =47520000-C11 -> 0
A12: المصاريف | C12: ل ل | D12: $ | E12: تصفيه
A13: اراكيل | B13: معسل | D13: =C13/90000 -> 0 | E13: =IF(C13<>0,0,1) -> 1
B14: فحم | D14: =C14/90000 -> 0 | E14: =IF(C14<>0,0,1) -> 1
B15: نرابيج و لوازم | D15: =C15/90000 -> 0 | E15: =IF(C15<>0,0,1) -> 1
A16: عصائر | B16: فواكهة | D16: =C16/90000 -> 0 | E16: =IF(C16<>0,0,1) -> 1
B17: عسل | D17: =C17/90000 -> 0 | E17: =IF(C17<>0,0,1) -> 1
B18: نسلة | D18: =C18/90000 -> 0 | E18: =IF(C18<>0,0,1) -> 1
B19: شوكولا | C19: =29*90000 -> 2610000 | D19: =C19/90000 -> 29 | E19: =IF(C19<>0,0,1) -> 0
B20: حليب | D20: =C20/90000 -> 0 | E20: =IF(C20<>0,0,1) -> 1
B21: مشروبات غازية | D21: =C21/90000 -> 0 | E21: =IF(C21<>0,0,1) -> 1
B22: نيسكافيه و كابتشينو | D22: =C22/90000 -> 0 | E22: =IF(C22<>0,0,1) -> 1
B23: قهوة مكنة | D23: =C23/90000 -> 0 | E23: =IF(C23<>0,0,1) -> 1
B24: لوازم أخرى | D24: =C24/90000 -> 0 | E24: =IF(C24<>0,0,1) -> 1
A25: لوازم | B25: كبيايات | D25: =C25/90000 -> 0 | E25: =IF(C25<>0,0,1) -> 1
B26: محارم | D26: =C26/90000 -> 0 | E26: =IF(C26<>0,0,1) -> 1
B27: مواد تنظيف | D27: =C27/90000 -> 0 | E27: =IF(C27<>0,0,1) -> 1
B28: مختلف | D28: =C28/90000 -> 0 | E28: =IF(C28<>0,0,1) -> 1
B29: مازوت | D29: =C29/90000 -> 0 | E29: =IF(C29<>0,0,1) -> 1
B30: صيانة | D30: =C30/90000 -> 0 | E30: =IF(C30<>0,0,1) -> 1
B31: اقتناء أصول | D31: =C31/90000 -> 0 | E31: =IF(C31<>0,0,1) -> 1
B32: سلف موظفين | C32: 350000 | D32: =C32/90000 -> 3.8888889 | E32: =IF(C32<>0,0,1) -> 0
B33: بنزين | D33: =C33/90000 -> 0 | E33: =IF(C33<>0,0,1) -> 1
B34: نقل | C34: 200000 | D34: =C34/90000 -> 2.2222222 | E34: =IF(C34<>0,0,1) -> 0
B35: رواتب | D35: =C35/90000 -> 0 | E35: =IF(C35<>0,0,1) -> 1
A37: اجمالي المصاريف | C37: =SUM(C13:C35) -> 3160000 | D37: =SUM(D13:D35) -> 35.111111
A38: الرصيد السابق | D38: ='4'!C42 -> 34474.387
A40: الرصيد الحالي | C40: =(C38+C11)-C37 -> 44360000 | D40: =D38 -> 34474.387
B42: الرصيد $ | C42: =D40+(C40/90000) -> 34967.276
A43: ملاحظات

Sheet  6
A1: fun park | D1: الصفحة الرئيسية
A3: التاريخ
A5: الايراد | C5: ل ل | D5: $$ | E5: عدد
B6: اراكيل | C6: 1200000 | D6: =C6/90000 -> 13.333333 | E6: 4
B7: مشروبات | C7: 10440000 | D7: =C7/90000 -> 116 | E7: =E11-E6-E8-E9-E10 -> 41
B8: كريب | C8: 660000 | D8: =C8/90000 -> 7.3333333 | E8: 2
B9: العاب | C9: 2750000 | D9: =C9/90000 -> 30.555556 | E9: 11
B10: مختلف | D10: =C10/90000 -> 0
B11: الاجمالي | C11: =SUM(C6:C10) -> 15050000 | D11: =SUM(D6:D10) -> 167.22222 | E11: 58 | G11: =15050000-C11 -> 0
A12: المصاريف | C12: ل ل | D12: $ | E12: تصفيه
A13: اراكيل | B13: معسل | D13: =C13/90000 -> 0 | E13: =IF(C13<>0,0,1) -> 1
B14: فحم | D14: =C14/90000 -> 0 | E14: =IF(C14<>0,0,1) -> 1
B15: نرابيج و لوازم | C15: 400000 | D15: =C15/90000 -> 4.4444444 | E15: =IF(C15<>0,0,1) -> 0
A16: عصائر | B16: فواكهة | C16: 10000000 | D16: =C16/90000 -> 111.11111 | E16: =IF(C16<>0,0,1) -> 0
B17: عسل | D17: =C17/90000 -> 0 | E17: =IF(C17<>0,0,1) -> 1
B18: نسلة | D18: =C18/90000 -> 0 | E18: =IF(C18<>0,0,1) -> 1
B19: شوكولا | D19: =C19/90000 -> 0 | E19: =IF(C19<>0,0,1) -> 1
B20: حليب | D20: =C20/90000 -> 0 | E20: =IF(C20<>0,0,1) -> 1
B21: مشروبات غازية | C21: =159*90000 -> 14310000 | D21: =C21/90000 -> 159 | E21: =IF(C21<>0,0,1) -> 0
B22: نيسكافيه و كابتشينو | D22: =C22/90000 -> 0 | E22: =IF(C22<>0,0,1) -> 1
B23: قهوة مكنة | D23: =C23/90000 -> 0 | E23: =IF(C23<>0,0,1) -> 1
B24: لوازم أخرى | D24: =C24/90000 -> 0 | E24: =IF(C24<>0,0,1) -> 1
A25: لوازم | B25: كبيايات | D25: =C25/90000 -> 0 | E25: =IF(C25<>0,0,1) -> 1
B26: محارم | C26: =63*90000 -> 5670000 | D26: =C26/90000 -> 63 | E26: =IF(C26<>0,0,1) -> 0
B27: مواد تنظيف | C27: 2300000 | D27: =C27/90000 -> 25.555556 | E27: =IF(C27<>0,0,1) -> 0
B28: مختلف | D28: =C28/90000 -> 0 | E28: =IF(C28<>0,0,1) -> 1
B29: مازوت | D29: =C29/90000 -> 0 | E29: =IF(C29<>0,0,1) -> 1
B30: صيانة | C30: =45*90000 -> 4050000 | D30: =C30/90000 -> 45 | E30: =IF(C30<>0,0,1) -> 0
B31: اقتناء أصول | D31: =C31/90000 -> 0 | E31: =IF(C31<>0,0,1) -> 1
B32: سلف موظفين | C32: 280000 | D32: =C32/90000 -> 3.1111111 | E32: =IF(C32<>0,0,1) -> 0
B33: بنزين | D33: =C33/90000 -> 0 | E33: =IF(C33<>0,0,1) -> 1
B34: نقل | C34: 200000 | D34: =C34/90000 -> 2.2222222 | E34: =IF(C34<>0,0,1) -> 0
B35: رواتب | C35: 1800000 | D35: =C35/90000 -> 20 | E35: =IF(C35<>0,0,1) -> 0
A37: اجمالي المصاريف | C37: =SUM(C13:C35) -> 39010000 | D37: =SUM(D13:D35) -> 433.44444
A38: الرصيد السابق | D38: ='5'!C42 -> 34967.276
A40: الرصيد الحالي | C40: =(C38+C11)-C37 -> -23960000 | D40: =D38 -> 34967.276
B42: الرصيد $ | C42: =D40+(C40/90000) -> 34701.054
A43: ملاحظات

Sheet 7
A1: fun park | D1: الصفحة الرئيسية
A3: التاريخ
A5: الايراد | C5: ل ل | D5: $$ | E5: عدد
B6: اراكيل | C6: 600000 | D6: =C6/90000 -> 6.6666667 | E6: 2
B7: مشروبات | C7: 5070000 | D7: =C7/90000 -> 56.333333 | E7: =E11-E6-E8-E9-E10 -> 19
B8: كريب | C8: 1900000 | D8: =C8/90000 -> 21.111111 | E8: 6
B9: العاب | C9: 750000 | D9: =C9/90000 -> 8.3333333 | E9: 3
B10: مختلف | D10: =C10/90000 -> 0
B11: الاجمالي | C11: =SUM(C6:C10) -> 8320000 | D11: =SUM(D6:D10) -> 92.444444 | E11: 30 | G11: =8320000-C11 -> 0
A12: المصاريف | C12: ل ل | D12: $ | E12: تصفيه
A13: اراكيل | B13: معسل | D13: =C13/90000 -> 0 | E13: =IF(C13<>0,0,1) -> 1
B14: فحم | D14: =C14/90000 -> 0 | E14: =IF(C14<>0,0,1) -> 1
B15: نرابيج و لوازم | D15: =C15/90000 -> 0 | E15: =IF(C15<>0,0,1) -> 1
A16: عصائر | B16: فواكهة | D16: =C16/90000 -> 0 | E16: =IF(C16<>0,0,1) -> 1
B17: عسل | C17: =145*90000 -> 13050000 | D17: =C17/90000 -> 145 | E17: =IF(C17<>0,0,1) -> 0
B18: نسلة | D18: =C18/90000 -> 0 | E18: =IF(C18<>0,0,1) -> 1
B19: شوكولا | D19: =C19/90000 -> 0 | E19: =IF(C19<>0,0,1) -> 1
B20: حليب | D20: =C20/90000 -> 0 | E20: =IF(C20<>0,0,1) -> 1
B21: مشروبات غازية | D21: =C21/90000 -> 0 | E21: =IF(C21<>0,0,1) -> 1
B22: نيسكافيه و كابتشينو | D22: =C22/90000 -> 0 | E22: =IF(C22<>0,0,1) -> 1
B23: قهوة مكنة | D23: =C23/90000 -> 0 | E23: =IF(C23<>0,0,1) -> 1
B24: لوازم أخرى | D24: =C24/90000 -> 0 | E24: =IF(C24<>0,0,1) -> 1
A25: لوازم | B25: كبيايات | D25: =C25/90000 -> 0 | E25: =IF(C25<>0,0,1) -> 1
B26: محارم | D26: =C26/90000 -> 0 | E26: =IF(C26<>0,0,1) -> 1
B27: مواد تنظيف | D27: =C27/90000 -> 0 | E27: =IF(C27<>0,0,1) -> 1
B28: مختلف | D28: =C28/90000 -> 0 | E28: =IF(C28<>0,0,1) -> 1
B29: مازوت | D29: =C29/90000 -> 0 | E29: =IF(C29<>0,0,1) -> 1
B30: صيانة | D30: =C30/90000 -> 0 | E30: =IF(C30<>0,0,1) -> 1
B31: اقتناء أصول | C31: =(1978+637)*90000 -> 235350000 | D31: =C31/90000 -> 2615 | E31: =IF(C31<>0,0,1) -> 0
B32: سلف موظفين | C32: 100000 | D32: =C32/90000 -> 1.1111111 | E32: =IF(C32<>0,0,1) -> 0
B33: بنزين | D33: =C33/90000 -> 0 | E33: =IF(C33<>0,0,1) -> 1
B34: نقل | C34: 200000 | D34: =C34/90000 -> 2.2222222 | E34: =IF(C34<>0,0,1) -> 0
B35: رواتب | D35: =C35/90000 -> 0 | E35: =IF(C35<>0,0,1) -> 1
A37: اجمالي المصاريف | C37: =SUM(C13:C35) -> 248700000 | D37: =SUM(D13:D35) -> 2763.3333
A38: الرصيد السابق | D38: =' 6'!C42 -> 34701.054
A40: الرصيد الحالي | C40: =(C38+C11)-C37 -> -240380000 | D40: =D38 -> 34701.054
B42: الرصيد $ | C42: =D40+(C40/90000) -> 32030.165
A43: ملاحظات
A44: ثمن سقف + مواد للشلال

Sheet 8
A1: fun park | D1: الصفحة الرئيسية
A3: التاريخ
A5: الايراد | C5: ل ل | D5: $$ | E5: عدد
B6: اراكيل | C6: 2100000 | D6: =C6/90000 -> 23.333333 | E6: 7
B7: مشروبات | C7: 14120000 | D7: =C7/90000 -> 156.88889 | E7: =E11-E6-E8-E9-E10 -> 63
B8: كريب | C8: 1610000 | D8: =C8/90000 -> 17.888889 | E8: 5
B9: العاب | C9: 4750000 | D9: =C9/90000 -> 52.777778 | E9: 22
B10: مختلف | C10: 150000 | D10: =C10/90000 -> 1.6666667 | E10: 1
B11: الاجمالي | C11: =SUM(C6:C10) -> 22730000 | D11: =SUM(D6:D10) -> 252.55556 | E11: 98 | G11: =22730000-C11 -> 0
A12: المصاريف | C12: ل ل | D12: $ | E12: تصفيه
A13: اراكيل | B13: معسل | D13: =C13/90000 -> 0 | E13: =IF(C13<>0,0,1) -> 1
B14: فحم | D14: =C14/90000 -> 0 | E14: =IF(C14<>0,0,1) -> 1
B15: نرابيج و لوازم | D15: =C15/90000 -> 0 | E15: =IF(C15<>0,0,1) -> 1
A16: عصائر | B16: فواكهة | D16: =C16/90000 -> 0 | E16: =IF(C16<>0,0,1) -> 1
B17: عسل | D17: =C17/90000 -> 0 | E17: =IF(C17<>0,0,1) -> 1
B18: نسلة | D18: =C18/90000 -> 0 | E18: =IF(C18<>0,0,1) -> 1
B19: شوكولا | D19: =C19/90000 -> 0 | E19: =IF(C19<>0,0,1) -> 1
B20: حليب | D20: =C20/90000 -> 0 | E20: =IF(C20<>0,0,1) -> 1
B21: مشروبات غازية | D21: =C21/90000 -> 0 | E21: =IF(C21<>0,0,1) -> 1
B22: نيسكافيه و كابتشينو | D22: =C22/90000 -> 0 | E22: =IF(C22<>0,0,1) -> 1
B23: قهوة مكنة | D23: =C23/90000 -> 0 | E23: =IF(C23<>0,0,1) -> 1
B24: لوازم أخرى | D24: =C24/90000 -> 0 | E24: =IF(C24<>0,0,1) -> 1
A25: لوازم | B25: كبيايات | D25: =C25/90000 -> 0 | E25: =IF(C25<>0,0,1) -> 1
B26: محارم | D26: =C26/90000 -> 0 | E26: =IF(C26<>0,0,1) -> 1
B27: مواد تنظيف | D27: =C27/90000 -> 0 | E27: =IF(C27<>0,0,1) -> 1
B28: مختلف | C28: =104*90000 -> 9360000 | D28: =C28/90000 -> 104 | E28: =IF(C28<>0,0,1) -> 0
B29: مازوت | D29: =C29/90000 -> 0 | E29: =IF(C29<>0,0,1) -> 1
B30: صيانة | D30: =C30/90000 -> 0 | E30: =IF(C30<>0,0,1) -> 1
B31: اقتناء أصول | C31: =5500*90000 -> 495000000 | D31: =C31/90000 -> 5500 | E31: =IF(C31<>0,0,1) -> 0
B32: سلف موظفين | D32: =C32/90000 -> 0 | E32: =IF(C32<>0,0,1) -> 1
B33: بنزين | D33: =C33/90000 -> 0 | E33: =IF(C33<>0,0,1) -> 1
B34: نقل | C34: 200000 | D34: =C34/90000 -> 2.2222222 | E34: =IF(C34<>0,0,1) -> 0
B35: رواتب | D35: =C35/90000 -> 0 | E35: =IF(C35<>0,0,1) -> 1
A37: اجمالي المصاريف | C37: =SUM(C13:C35) -> 504560000 | D37: =SUM(D13:D35) -> 5606.2222
A38: الرصيد السابق | D38: ='7'!C42 -> 32030.165
A40: الرصيد الحالي | C40: =(C38+C11)-C37 -> -481830000 | D40: =D38 -> 32030.165
B42: الرصيد $ | C42: =D40+(C40/90000) -> 26676.499
A43: ملاحظات
A44: ثمن عفش
A45: غاز

Sheet 9
A1: fun park | D1: الصفحة الرئيسية
A3: التاريخ
A5: الايراد | C5: ل ل | D5: $$ | E5: عدد
B6: اراكيل | C6: 900000 | D6: =C6/90000 -> 10 | E6: 3
B7: مشروبات | C7: 1650000 | D7: =C7/90000 -> 18.333333 | E7: =E11-E6-E8-E9-E10 -> 12
B8: كريب | D8: =C8/90000 -> 0
B9: العاب | C9: 750000 | D9: =C9/90000 -> 8.3333333 | E9: 3
B10: مختلف | D10: =C10/90000 -> 0
B11: الاجمالي | C11: =SUM(C6:C10) -> 3300000 | D11: =SUM(D6:D10) -> 36.666667 | E11: 18 | G11: =3300000-C11 -> 0
A12: المصاريف | C12: ل ل | D12: $ | E12: تصفيه
A13: اراكيل | B13: معسل | D13: =C13/90000 -> 0 | E13: =IF(C13<>0,0,1) -> 1
B14: فحم | D14: =C14/90000 -> 0 | E14: =IF(C14<>0,0,1) -> 1
B15: نرابيج و لوازم | D15: =C15/90000 -> 0 | E15: =IF(C15<>0,0,1) -> 1
A16: عصائر | B16: فواكهة | D16: =C16/90000 -> 0 | E16: =IF(C16<>0,0,1) -> 1
B17: عسل | D17: =C17/90000 -> 0 | E17: =IF(C17<>0,0,1) -> 1
B18: نسلة | D18: =C18/90000 -> 0 | E18: =IF(C18<>0,0,1) -> 1
B19: شوكولا | D19: =C19/90000 -> 0 | E19: =IF(C19<>0,0,1) -> 1
B20: حليب | D20: =C20/90000 -> 0 | E20: =IF(C20<>0,0,1) -> 1
B21: مشروبات غازية | D21: =C21/90000 -> 0 | E21: =IF(C21<>0,0,1) -> 1
B22: نيسكافيه و كابتشينو | D22: =C22/90000 -> 0 | E22: =IF(C22<>0,0,1) -> 1
B23: قهوة مكنة | D23: =C23/90000 -> 0 | E23: =IF(C23<>0,0,1) -> 1
B24: لوازم أخرى | C24: 1900000 | D24: =C24/90000 -> 21.111111 | E24: =IF(C24<>0,0,1) -> 0
A25: لوازم | B25: كبيايات | D25: =C25/90000 -> 0 | E25: =IF(C25<>0,0,1) -> 1
B26: محارم | D26: =C26/90000 -> 0 | E26: =IF(C26<>0,0,1) -> 1
B27: مواد تنظيف | D27: =C27/90000 -> 0 | E27: =IF(C27<>0,0,1) -> 1
B28: مختلف | D28: =C28/90000 -> 0 | E28: =IF(C28<>0,0,1) -> 1
B29: مازوت | D29: =C29/90000 -> 0 | E29: =IF(C29<>0,0,1) -> 1
B30: صيانة | D30: =C30/90000 -> 0 | E30: =IF(C30<>0,0,1) -> 1
B31: اقتناء أصول | C31: 9000000 | D31: =C31/90000 -> 100 | E31: =IF(C31<>0,0,1) -> 0
B32: سلف موظفين | D32: =C32/90000 -> 0 | E32: =IF(C32<>0,0,1) -> 1
B33: بنزين | D33: =C33/90000 -> 0 | E33: =IF(C33<>0,0,1) -> 1
B34: نقل | C34: 200000 | D34: =C34/90000 -> 2.2222222 | E34: =IF(C34<>0,0,1) -> 0
B35: رواتب | D35: =C35/90000 -> 0 | E35: =IF(C35<>0,0,1) -> 1
A37: اجمالي المصاريف | C37: =SUM(C13:C35) -> 11100000 | D37: =SUM(D13:D35) -> 123.33333
A38: الرصيد السابق | D38: ='8'!C42 -> 26676.499
A40: الرصيد الحالي | C40: =(C38+C11)-C37 -> -7800000 | D40: ='8'!C42 -> 26676.499
B42: الرصيد $ | C42: =D40+(C40/90000) -> 26589.832
A43: ملاحظات

Sheet 10
A1: fun park | D1: الصفحة الرئيسية
A3: التاريخ
A5: الايراد | C5: ل ل | D5: $$ | E5: عدد
B6: اراكيل | C6: 5100000 | D6: =C6/90000 -> 56.666667 | E6: 17
B7: مشروبات | C7: 17830000 | D7: =C7/90000 -> 198.11111 | E7: =E11-E6-E8-E9-E10 -> 83
B8: كريب | C8: 1250000 | D8: =C8/90000 -> 13.888889 | E8: 4
B9: العاب | C9: 8500000 | D9: =C9/90000 -> 94.444444 | E9: 37
B10: مختلف | C10: 840000 | D10: =C10/90000 -> 9.3333333 | E10: 6
B11: الاجمالي | C11: =SUM(C6:C10) -> 33520000 | D11: =SUM(D6:D10) -> 372.44444 | E11: 147 | G11: =33520000-C11 -> 0
A12: المصاريف | C12: ل ل | D12: $ | E12: تصفيه
A13: اراكيل | B13: معسل | C13: =47*90000 -> 4230000 | D13: =C13/90000 -> 47 | E13: =IF(C13<>0,0,1) -> 0
B14: فحم | D14: =C14/90000 -> 0 | E14: =IF(C14<>0,0,1) -> 1
B15: نرابيج و لوازم | D15: =C15/90000 -> 0 | E15: =IF(C15<>0,0,1) -> 1
A16: عصائر | B16: فواكهة | C16: 500000 | D16: =C16/90000 -> 5.5555556 | E16: =IF(C16<>0,0,1) -> 0
B17: عسل | D17: =C17/90000 -> 0 | E17: =IF(C17<>0,0,1) -> 1
B18: نسلة | D18: =C18/90000 -> 0 | E18: =IF(C18<>0,0,1) -> 1
B19: شوكولا | C19: =55*90000 -> 4950000 | D19: =C19/90000 -> 55 | E19: =IF(C19<>0,0,1) -> 0
B20: حليب | D20: =C20/90000 -> 0 | E20: =IF(C20<>0,0,1) -> 1
B21: مشروبات غازية | D21: =C21/90000 -> 0 | E21: =IF(C21<>0,0,1) -> 1
B22: نيسكافيه و كابتشينو | D22: =C22/90000 -> 0 | E22: =IF(C22<>0,0,1) -> 1
B23: قهوة مكنة | D23: =C23/90000 -> 0 | E23: =IF(C23<>0,0,1) -> 1
B24: لوازم أخرى | C24: 1800000 | D24: =C24/90000 -> 20 | E24: =IF(C24<>0,0,1) -> 0
A25: لوازم | B25: كبيايات | D25: =C25/90000 -> 0 | E25: =IF(C25<>0,0,1) -> 1
B26: محارم | D26: =C26/90000 -> 0 | E26: =IF(C26<>0,0,1) -> 1
B27: مواد تنظيف | D27: =C27/90000 -> 0 | E27: =IF(C27<>0,0,1) -> 1
B28: مختلف | D28: =C28/90000 -> 0 | E28: =IF(C28<>0,0,1) -> 1
B29: مازوت | D29: =C29/90000 -> 0 | E29: =IF(C29<>0,0,1) -> 1
B30: صيانة | C30: 1350000 | D30: =C30/90000 -> 15 | E30: =IF(C30<>0,0,1) -> 0
B31: اقتناء أصول | C31: =400*90000 -> 36000000 | D31: =C31/90000 -> 400 | E31: =IF(C31<>0,0,1) -> 0
B32: سلف موظفين | C32: 1470000 | D32: =C32/90000 -> 16.333333 | E32: =IF(C32<>0,0,1) -> 0
B33: بنزين | D33: =C33/90000 -> 0 | E33: =IF(C33<>0,0,1) -> 1
B34: نقل | C34: 200000 | D34: =C34/90000 -> 2.2222222 | E34: =IF(C34<>0,0,1) -> 0
B35: رواتب | D35: =C35/90000 -> 0 | E35: =IF(C35<>0,0,1) -> 1
A37: اجمالي المصاريف | C37: =SUM(C13:C35) -> 50500000 | D37: =SUM(D13:D35) -> 561.11111
A38: الرصيد السابق | D38: ='9'!C42 -> 26589.832
A40: الرصيد الحالي | C40: =(C38+C11)-C37 -> -16980000 | D40: =D38 -> 26589.832
B42: الرصيد $ | C42: =D40+(C40/90000) -> 26401.165
A43: ملاحظات
A44: اجار تركيب السقف

Sheet 11
A1: fun park | D1: الصفحة الرئيسية
A3: التاريخ
A5: الايراد | C5: ل ل | D5: $$ | E5: عدد
B6: اراكيل | C6: 5350000 | D6: =C6/90000 -> 59.444444 | E6: 18
B7: مشروبات | C7: 16160000 | D7: =C7/90000 -> 179.55556 | E7: =E11-E6-E8-E9-E10 -> 100
B8: كريب | C8: 4890000 | D8: =C8/90000 -> 54.333333 | E8: 15
B9: العاب | C9: 5700000 | D9: =C9/90000 -> 63.333333 | E9: 27
B10: مختلف | C10: 730000 | D10: =C10/90000 -> 8.1111111 | E10: 5
B11: الاجمالي | C11: =SUM(C6:C10) -> 32830000 | D11: =SUM(D6:D10) -> 364.77778 | E11: 165 | G11: =32830000-C11 -> 0
A12: المصاريف | C12: ل ل | D12: $ | E12: تصفيه
A13: اراكيل | B13: معسل | D13: =C13/90000 -> 0 | E13: =IF(C13<>0,0,1) -> 1
B14: فحم | D14: =C14/90000 -> 0 | E14: =IF(C14<>0,0,1) -> 1
B15: نرابيج و لوازم | D15: =C15/90000 -> 0 | E15: =IF(C15<>0,0,1) -> 1
A16: عصائر | B16: فواكهة | D16: =C16/90000 -> 0 | E16: =IF(C16<>0,0,1) -> 1
B17: عسل | D17: =C17/90000 -> 0 | E17: =IF(C17<>0,0,1) -> 1
B18: نسلة | D18: =C18/90000 -> 0 | E18: =IF(C18<>0,0,1) -> 1
B19: شوكولا | D19: =C19/90000 -> 0 | E19: =IF(C19<>0,0,1) -> 1
B20: حليب | D20: =C20/90000 -> 0 | E20: =IF(C20<>0,0,1) -> 1
B21: مشروبات غازية | D21: =C21/90000 -> 0 | E21: =IF(C21<>0,0,1) -> 1
B22: نيسكافيه و كابتشينو | D22: =C22/90000 -> 0 | E22: =IF(C22<>0,0,1) -> 1
B23: قهوة مكنة | D23: =C23/90000 -> 0 | E23: =IF(C23<>0,0,1) -> 1
B24: لوازم أخرى | D24: =C24/90000 -> 0 | E24: =IF(C24<>0,0,1) -> 1
A25: لوازم | B25: كبيايات | D25: =C25/90000 -> 0 | E25: =IF(C25<>0,0,1) -> 1
B26: محارم | D26: =C26/90000 -> 0 | E26: =IF(C26<>0,0,1) -> 1
B27: مواد تنظيف | D27: =C27/90000 -> 0 | E27: =IF(C27<>0,0,1) -> 1
B28: مختلف | D28: =C28/90000 -> 0 | E28: =IF(C28<>0,0,1) -> 1
B29: مازوت | D29: =C29/90000 -> 0 | E29: =IF(C29<>0,0,1) -> 1
B30: صيانة | D30: =C30/90000 -> 0 | E30: =IF(C30<>0,0,1) -> 1
B31: اقتناء أصول | D31: =C31/90000 -> 0 | E31: =IF(C31<>0,0,1) -> 1
B32: سلف موظفين | C32: 100000 | D32: =C32/90000 -> 1.1111111 | E32: =IF(C32<>0,0,1) -> 0
B33: بنزين | D33: =C33/90000 -> 0 | E33: =IF(C33<>0,0,1) -> 1
B34: نقل | C34: 200000 | D34: =C34/90000 -> 2.2222222 | E34: =IF(C34<>0,0,1) -> 0
B35: رواتب | D35: =C35/90000 -> 0 | E35: =IF(C35<>0,0,1) -> 1
A37: اجمالي المصاريف | C37: =SUM(C13:C35) -> 300000 | D37: =SUM(D13:D35) -> 3.3333333
A38: الرصيد السابق | D38: ='10'!C42 -> 26401.165
A40: الرصيد الحالي | C40: =(C38+C11)-C37 -> 32530000 | D40: =D38 -> 26401.165
B42: الرصيد $ | C42: =D40+(C40/90000) -> 26762.61
A43: ملاحظات

Sheet 12
A1: fun park | D1: الصفحة الرئيسية
A3: التاريخ
A5: الايراد | C5: ل ل | D5: $$ | E5: عدد
B6: اراكيل | C6: 2940000 | D6: =C6/90000 -> 32.666667 | E6: 10
B7: مشروبات | C7: 13780000 | D7: =C7/90000 -> 153.11111 | E7: =E11-E6-E8-E9-E10 -> 61
B8: كريب | C8: 2260000 | D8: =C8/90000 -> 25.111111 | E8: 7
B9: العاب | C9: 5550000 | D9: =C9/90000 -> 61.666667 | E9: 24
B10: مختلف | C10: 1180000 | D10: =C10/90000 -> 13.111111 | E10: 8
B11: الاجمالي | C11: =SUM(C6:C10) -> 25710000 | D11: =SUM(D6:D10) -> 285.66667 | E11: 110 | G11: =25710000-C11 -> 0
A12: المصاريف | C12: ل ل | D12: $ | E12: تصفيه
A13: اراكيل | B13: معسل | D13: =C13/90000 -> 0 | E13: =IF(C13<>0,0,1) -> 1
B14: فحم | D14: =C14/90000 -> 0 | E14: =IF(C14<>0,0,1) -> 1
B15: نرابيج و لوازم | D15: =C15/90000 -> 0 | E15: =IF(C15<>0,0,1) -> 1
A16: عصائر | B16: فواكهة | C16: 800000 | D16: =C16/90000 -> 8.8888889 | E16: =IF(C16<>0,0,1) -> 0
B17: عسل | D17: =C17/90000 -> 0 | E17: =IF(C17<>0,0,1) -> 1
B18: نسلة | D18: =C18/90000 -> 0 | E18: =IF(C18<>0,0,1) -> 1
B19: شوكولا | C19: 900000 | D19: =C19/90000 -> 10 | E19: =IF(C19<>0,0,1) -> 0
B20: حليب | D20: =C20/90000 -> 0 | E20: =IF(C20<>0,0,1) -> 1
B21: مشروبات غازية | D21: =C21/90000 -> 0 | E21: =IF(C21<>0,0,1) -> 1
B22: نيسكافيه و كابتشينو | D22: =C22/90000 -> 0 | E22: =IF(C22<>0,0,1) -> 1
B23: قهوة مكنة | D23: =C23/90000 -> 0 | E23: =IF(C23<>0,0,1) -> 1
B24: لوازم أخرى | D24: =C24/90000 -> 0 | E24: =IF(C24<>0,0,1) -> 1
A25: لوازم | B25: كبيايات | D25: =C25/90000 -> 0 | E25: =IF(C25<>0,0,1) -> 1
B26: محارم | D26: =C26/90000 -> 0 | E26: =IF(C26<>0,0,1) -> 1
B27: مواد تنظيف | D27: =C27/90000 -> 0 | E27: =IF(C27<>0,0,1) -> 1
B28: مختلف | C28: 670000 | D28: =C28/90000 -> 7.4444444 | E28: =IF(C28<>0,0,1) -> 0
B29: مازوت | D29: =C29/90000 -> 0 | E29: =IF(C29<>0,0,1) -> 1
B30: صيانة | C30: 900000 | D30: =C30/90000 -> 10 | E30: =IF(C30<>0,0,1) -> 0
B31: اقتناء أصول | C31: =80*90000 -> 7200000 | D31: =C31/90000 -> 80 | E31: =IF(C31<>0,0,1) -> 0
B32: سلف موظفين | C32: 1000000 | D32: =C32/90000 -> 11.111111 | E32: =IF(C32<>0,0,1) -> 0
B33: بنزين | D33: =C33/90000 -> 0 | E33: =IF(C33<>0,0,1) -> 1
B34: نقل | C34: 200000 | D34: =C34/90000 -> 2.2222222 | E34: =IF(C34<>0,0,1) -> 0
B35: رواتب | C35: =220*90000 -> 19800000 | D35: =C35/90000 -> 220 | E35: =IF(C35<>0,0,1) -> 0
A37: اجمالي المصاريف | C37: =SUM(C13:C35) -> 31470000 | D37: =SUM(D13:D35) -> 349.66667
A38: الرصيد السابق | D38: ='11'!C42 -> 26762.61
A40: الرصيد الحالي | C40: =(C38+C11)-C37 -> -5760000 | D40: =D38 -> 26762.61
B42: الرصيد $ | C42: =D40+(C40/90000) -> 26698.61
A43: ملاحظات
A44: راتب أبو حسام

Sheet 13
A1: fun park | D1: الصفحة الرئيسية
A3: التاريخ
A5: الايراد | C5: ل ل | D5: $$ | E5: عدد
B6: اراكيل | C6: 1500000 | D6: =C6/90000 -> 16.666667 | E6: 5
B7: مشروبات | C7: 4810000 | D7: =C7/90000 -> 53.444444 | E7: =E11-E6-E8-E9-E10 -> 33
B8: كريب | C8: 1790000 | D8: =C8/90000 -> 19.888889 | E8: 5
B9: العاب | C9: 2750000 | D9: =C9/90000 -> 30.555556 | E9: 11
B10: مختلف | C10: 150000 | D10: =C10/90000 -> 1.6666667 | E10: 1
B11: الاجمالي | C11: =SUM(C6:C10) -> 11000000 | D11: =SUM(D6:D10) -> 122.22222 | E11: 55 | G11: =11000000-C11 -> 0
A12: المصاريف | C12: ل ل | D12: $ | E12: تصفيه
A13: اراكيل | B13: معسل | D13: =C13/90000 -> 0 | E13: =IF(C13<>0,0,1) -> 1
B14: فحم | D14: =C14/90000 -> 0 | E14: =IF(C14<>0,0,1) -> 1
B15: نرابيج و لوازم | D15: =C15/90000 -> 0 | E15: =IF(C15<>0,0,1) -> 1
A16: عصائر | B16: فواكهة | C16: 2000000 | D16: =C16/90000 -> 22.222222 | E16: =IF(C16<>0,0,1) -> 0
B17: عسل | D17: =C17/90000 -> 0 | E17: =IF(C17<>0,0,1) -> 1
B18: نسلة | D18: =C18/90000 -> 0 | E18: =IF(C18<>0,0,1) -> 1
B19: شوكولا | D19: =C19/90000 -> 0 | E19: =IF(C19<>0,0,1) -> 1
B20: حليب | D20: =C20/90000 -> 0 | E20: =IF(C20<>0,0,1) -> 1
B21: مشروبات غازية | D21: =C21/90000 -> 0 | E21: =IF(C21<>0,0,1) -> 1
B22: نيسكافيه و كابتشينو | D22: =C22/90000 -> 0 | E22: =IF(C22<>0,0,1) -> 1
B23: قهوة مكنة | D23: =C23/90000 -> 0 | E23: =IF(C23<>0,0,1) -> 1
B24: لوازم أخرى | D24: =C24/90000 -> 0 | E24: =IF(C24<>0,0,1) -> 1
A25: لوازم | B25: كبيايات | D25: =C25/90000 -> 0 | E25: =IF(C25<>0,0,1) -> 1
B26: محارم | D26: =C26/90000 -> 0 | E26: =IF(C26<>0,0,1) -> 1
B27: مواد تنظيف | D27: =C27/90000 -> 0 | E27: =IF(C27<>0,0,1) -> 1
B28: مختلف | D28: =C28/90000 -> 0 | E28: =IF(C28<>0,0,1) -> 1
B29: مازوت | D29: =C29/90000 -> 0 | E29: =IF(C29<>0,0,1) -> 1
B30: صيانة | D30: =C30/90000 -> 0 | E30: =IF(C30<>0,0,1) -> 1
B31: اقتناء أصول | D31: =C31/90000 -> 0 | E31: =IF(C31<>0,0,1) -> 1
B32: سلف موظفين | D32: =C32/90000 -> 0 | E32: =IF(C32<>0,0,1) -> 1
B33: بنزين | D33: =C33/90000 -> 0 | E33: =IF(C33<>0,0,1) -> 1
B34: نقل | C34: 200000 | D34: =C34/90000 -> 2.2222222 | E34: =IF(C34<>0,0,1) -> 0
B35: رواتب | D35: =C35/90000 -> 0 | E35: =IF(C35<>0,0,1) -> 1
A37: اجمالي المصاريف | C37: =SUM(C13:C35) -> 2200000 | D37: =SUM(D13:D35) -> 24.444444
A38: الرصيد السابق | D38: ='12'!C42 -> 26698.61
A40: الرصيد الحالي | C40: =(C38+C11)-C37 -> 8800000 | D40: =D38 -> 26698.61
B42: الرصيد $ | C42: =D40+(C40/90000) -> 26796.387
A43: ملاحظات

Sheet 14
A1: fun park | D1: الصفحة الرئيسية
A3: التاريخ
A5: الايراد | C5: ل ل | D5: $$ | E5: عدد
B6: اراكيل | C6: 2100000 | D6: =C6/90000 -> 23.333333 | E6: 7
B7: مشروبات | C7: 4510000 | D7: =C7/90000 -> 50.111111 | E7: =E11-E6-E8-E9-E10 -> 25
B8: كريب | C8: 2850000 | D8: =C8/90000 -> 31.666667 | E8: 9
B9: العاب | C9: 3900000 | D9: =C9/90000 -> 43.333333 | E9: 18
B10: مختلف | D10: =C10/90000 -> 0
B11: الاجمالي | C11: =SUM(C6:C10) -> 13360000 | D11: =SUM(D6:D10) -> 148.44444 | E11: 59 | G11: =13360000-C11 -> 0
A12: المصاريف | C12: ل ل | D12: $ | E12: تصفيه
A13: اراكيل | B13: معسل | D13: =C13/90000 -> 0 | E13: =IF(C13<>0,0,1) -> 1
B14: فحم | D14: =C14/90000 -> 0 | E14: =IF(C14<>0,0,1) -> 1
B15: نرابيج و لوازم | D15: =C15/90000 -> 0 | E15: =IF(C15<>0,0,1) -> 1
A16: عصائر | B16: فواكهة | D16: =C16/90000 -> 0 | E16: =IF(C16<>0,0,1) -> 1
B17: عسل | D17: =C17/90000 -> 0 | E17: =IF(C17<>0,0,1) -> 1
B18: نسلة | D18: =C18/90000 -> 0 | E18: =IF(C18<>0,0,1) -> 1
B19: شوكولا | D19: =C19/90000 -> 0 | E19: =IF(C19<>0,0,1) -> 1
B20: حليب | D20: =C20/90000 -> 0 | E20: =IF(C20<>0,0,1) -> 1
B21: مشروبات غازية | D21: =C21/90000 -> 0 | E21: =IF(C21<>0,0,1) -> 1
B22: نيسكافيه و كابتشينو | D22: =C22/90000 -> 0 | E22: =IF(C22<>0,0,1) -> 1
B23: قهوة مكنة | D23: =C23/90000 -> 0 | E23: =IF(C23<>0,0,1) -> 1
B24: لوازم أخرى | C24: 550000 | D24: =C24/90000 -> 6.1111111 | E24: =IF(C24<>0,0,1) -> 0
A25: لوازم | B25: كبيايات | D25: =C25/90000 -> 0 | E25: =IF(C25<>0,0,1) -> 1
B26: محارم | D26: =C26/90000 -> 0 | E26: =IF(C26<>0,0,1) -> 1
B27: مواد تنظيف | C27: 900000 | D27: =C27/90000 -> 10 | E27: =IF(C27<>0,0,1) -> 0
B28: مختلف | D28: =C28/90000 -> 0 | E28: =IF(C28<>0,0,1) -> 1
B29: مازوت | D29: =C29/90000 -> 0 | E29: =IF(C29<>0,0,1) -> 1
B30: صيانة | C30: =24*90000 -> 2160000 | D30: =C30/90000 -> 24 | E30: =IF(C30<>0,0,1) -> 0
B31: اقتناء أصول | C31: =186*90000 -> 16740000 | D31: =C31/90000 -> 186 | E31: =IF(C31<>0,0,1) -> 0
B32: سلف موظفين | C32: 100000 | D32: =C32/90000 -> 1.1111111 | E32: =IF(C32<>0,0,1) -> 0
B33: بنزين | D33: =C33/90000 -> 0 | E33: =IF(C33<>0,0,1) -> 1
B34: نقل | C34: 200000 | D34: =C34/90000 -> 2.2222222 | E34: =IF(C34<>0,0,1) -> 0
B35: رواتب | D35: =C35/90000 -> 0 | E35: =IF(C35<>0,0,1) -> 1
A37: اجمالي المصاريف | C37: =SUM(C13:C35) -> 20650000 | D37: =SUM(D13:D35) -> 229.44444
A38: الرصيد السابق | D38: ='13'!C42 -> 26796.387
A40: الرصيد الحالي | C40: =(C38+C11)-C37 -> -7290000 | D40: =D38 -> 26796.387
B42: الرصيد $ | C42: =D40+(C40/90000) -> 26715.387
A43: ملاحظات
A44: انارة للسقف

Sheet 15
A1: fun park | D1: الصفحة الرئيسية
A3: التاريخ
A5: الايراد | C5: ل ل | D5: $$ | E5: عدد
B6: اراكيل | C6: 3300000 | D6: =C6/90000 -> 36.666667 | E6: 11
B7: مشروبات | C7: 10890000 | D7: =C7/90000 -> 121 | E7: =E11-E6-E8-E9-E10 -> 54
B8: كريب | C8: 1940000 | D8: =C8/90000 -> 21.555556 | E8: 6
B9: العاب | C9: 3250000 | D9: =C9/90000 -> 36.111111 | E9: 13
B10: مختلف | D10: =C10/90000 -> 0
B11: الاجمالي | C11: =SUM(C6:C10) -> 19380000 | D11: =SUM(D6:D10) -> 215.33333 | E11: 84 | G11: =19380000-C11 -> 0
A12: المصاريف | C12: ل ل | D12: $ | E12: تصفيه
A13: اراكيل | B13: معسل | D13: =C13/90000 -> 0 | E13: =IF(C13<>0,0,1) -> 1
B14: فحم | D14: =C14/90000 -> 0 | E14: =IF(C14<>0,0,1) -> 1
B15: نرابيج و لوازم | D15: =C15/90000 -> 0 | E15: =IF(C15<>0,0,1) -> 1
A16: عصائر | B16: فواكهة | C16: 400000 | D16: =C16/90000 -> 4.4444444 | E16: =IF(C16<>0,0,1) -> 0
B17: عسل | D17: =C17/90000 -> 0 | E17: =IF(C17<>0,0,1) -> 1
B18: نسلة | D18: =C18/90000 -> 0 | E18: =IF(C18<>0,0,1) -> 1
B19: شوكولا | D19: =C19/90000 -> 0 | E19: =IF(C19<>0,0,1) -> 1
B20: حليب | D20: =C20/90000 -> 0 | E20: =IF(C20<>0,0,1) -> 1
B21: مشروبات غازية | C21: 1620000 | D21: =C21/90000 -> 18 | E21: =IF(C21<>0,0,1) -> 0
B22: نيسكافيه و كابتشينو | D22: =C22/90000 -> 0 | E22: =IF(C22<>0,0,1) -> 1
B23: قهوة مكنة | D23: =C23/90000 -> 0 | E23: =IF(C23<>0,0,1) -> 1
B24: لوازم أخرى | D24: =C24/90000 -> 0 | E24: =IF(C24<>0,0,1) -> 1
A25: لوازم | B25: كبيايات | D25: =C25/90000 -> 0 | E25: =IF(C25<>0,0,1) -> 1
B26: محارم | D26: =C26/90000 -> 0 | E26: =IF(C26<>0,0,1) -> 1
B27: مواد تنظيف | D27: =C27/90000 -> 0 | E27: =IF(C27<>0,0,1) -> 1
B28: مختلف | D28: =C28/90000 -> 0 | E28: =IF(C28<>0,0,1) -> 1
B29: مازوت | D29: =C29/90000 -> 0 | E29: =IF(C29<>0,0,1) -> 1
B30: صيانة | D30: =C30/90000 -> 0 | E30: =IF(C30<>0,0,1) -> 1
B31: اقتناء أصول | D31: =C31/90000 -> 0 | E31: =IF(C31<>0,0,1) -> 1
B32: سلف موظفين | C32: 200000 | D32: =C32/90000 -> 2.2222222 | E32: =IF(C32<>0,0,1) -> 0
B33: بنزين | D33: =C33/90000 -> 0 | E33: =IF(C33<>0,0,1) -> 1
B34: نقل | C34: 200000 | D34: =C34/90000 -> 2.2222222 | E34: =IF(C34<>0,0,1) -> 0
B35: رواتب | D35: =C35/90000 -> 0 | E35: =IF(C35<>0,0,1) -> 1
A37: اجمالي المصاريف | C37: =SUM(C13:C35) -> 2420000 | D37: =SUM(D13:D35) -> 26.888889
A38: الرصيد السابق | D38: ='14'!C42 -> 26715.387
A40: الرصيد الحالي | C40: =(C38+C11)-C37 -> 16960000 | D40: =D38 -> 26715.387
B42: الرصيد $ | C42: =D40+(C40/90000) -> 26903.832
A43: ملاحظات

Sheet 16
A1: fun park | D1: الصفحة الرئيسية
A3: التاريخ
A5: الايراد | C5: ل ل | D5: $$ | E5: عدد
B6: اراكيل | C6: 3000000 | D6: =C6/90000 -> 33.333333 | E6: 10
B7: مشروبات | C7: 12110000 | D7: =C7/90000 -> 134.55556 | E7: =E11-E6-E8-E9-E10 -> 60
B8: كريب | C8: 4180000 | D8: =C8/90000 -> 46.444444 | E8: 13
B9: العاب | C9: 4400000 | D9: =C9/90000 -> 48.888889 | E9: 20
B10: مختلف | C10: 150000 | D10: =C10/90000 -> 1.6666667 | E10: 1
B11: الاجمالي | C11: =SUM(C6:C10) -> 23840000 | D11: =SUM(D6:D10) -> 264.88889 | E11: 104 | G11: =23840000-C11 -> 0
A12: المصاريف | C12: ل ل | D12: $ | E12: تصفيه
A13: اراكيل | B13: معسل | D13: =C13/90000 -> 0 | E13: =IF(C13<>0,0,1) -> 1
B14: فحم | D14: =C14/90000 -> 0 | E14: =IF(C14<>0,0,1) -> 1
B15: نرابيج و لوازم | D15: =C15/90000 -> 0 | E15: =IF(C15<>0,0,1) -> 1
A16: عصائر | B16: فواكهة | D16: =C16/90000 -> 0 | E16: =IF(C16<>0,0,1) -> 1
B17: عسل | C17: 1800000 | D17: =C17/90000 -> 20 | E17: =IF(C17<>0,0,1) -> 0
B18: نسلة | D18: =C18/90000 -> 0 | E18: =IF(C18<>0,0,1) -> 1
B19: شوكولا | D19: =C19/90000 -> 0 | E19: =IF(C19<>0,0,1) -> 1
B20: حليب | D20: =C20/90000 -> 0 | E20: =IF(C20<>0,0,1) -> 1
B21: مشروبات غازية | D21: =C21/90000 -> 0 | E21: =IF(C21<>0,0,1) -> 1
B22: نيسكافيه و كابتشينو | D22: =C22/90000 -> 0 | E22: =IF(C22<>0,0,1) -> 1
B23: قهوة مكنة | D23: =C23/90000 -> 0 | E23: =IF(C23<>0,0,1) -> 1
B24: لوازم أخرى | D24: =C24/90000 -> 0 | E24: =IF(C24<>0,0,1) -> 1
A25: لوازم | B25: كبيايات | D25: =C25/90000 -> 0 | E25: =IF(C25<>0,0,1) -> 1
B26: محارم | D26: =C26/90000 -> 0 | E26: =IF(C26<>0,0,1) -> 1
B27: مواد تنظيف | D27: =C27/90000 -> 0 | E27: =IF(C27<>0,0,1) -> 1
B28: مختلف | D28: =C28/90000 -> 0 | E28: =IF(C28<>0,0,1) -> 1
B29: مازوت | D29: =C29/90000 -> 0 | E29: =IF(C29<>0,0,1) -> 1
B30: صيانة | C30: 9000000 | D30: =C30/90000 -> 100 | E30: =IF(C30<>0,0,1) -> 0
B31: اقتناء أصول | C31: =220*90000 -> 19800000 | D31: =C31/90000 -> 220 | E31: =IF(C31<>0,0,1) -> 0
B32: سلف موظفين | C32: 400000 | D32: =C32/90000 -> 4.4444444 | E32: =IF(C32<>0,0,1) -> 0
B33: بنزين | D33: =C33/90000 -> 0 | E33: =IF(C33<>0,0,1) -> 1
B34: نقل | C34: 200000 | D34: =C34/90000 -> 2.2222222 | E34: =IF(C34<>0,0,1) -> 0
B35: رواتب | D35: =C35/90000 -> 0 | E35: =IF(C35<>0,0,1) -> 1
A37: اجمالي المصاريف | C37: =SUM(C13:C35) -> 31200000 | D37: =SUM(D13:D35) -> 346.66667
A38: الرصيد السابق | D38: ='15'!C42 -> 26903.832
A40: الرصيد الحالي | C40: =(C38+C11)-C37 -> -7360000 | D40: =D38 -> 26903.832
B42: الرصيد $ | C42: =D40+(C40/90000) -> 26822.054
A43: ملاحظات
A44: حديد بار + خشب للشومينة
A45: دهان للصالة

Sheet 17
A1: fun park | D1: الصفحة الرئيسية
A3: التاريخ
A5: الايراد | C5: ل ل | D5: $$ | E5: عدد
B6: اراكيل | C6: 6660000 | D6: =C6/90000 -> 74 | E6: 23
B7: مشروبات | C7: 22180000 | D7: =C7/90000 -> 246.44444 | E7: =E11-E6-E8-E9-E10 -> 131
B8: كريب | C8: 5780000 | D8: =C8/90000 -> 64.222222 | E8: 18
B9: العاب | C9: 14500000 | D9: =C9/90000 -> 161.11111 | E9: 67
B10: مختلف | C10: 440000 | D10: =C10/90000 -> 4.8888889 | E10: 3
B11: الاجمالي | C11: =SUM(C6:C10) -> 49560000 | D11: =SUM(D6:D10) -> 550.66667 | E11: 242 | G11: =49560000-C11 -> 0
A12: المصاريف | C12: ل ل | D12: $ | E12: تصفيه
A13: اراكيل | B13: معسل | D13: =C13/90000 -> 0 | E13: =IF(C13<>0,0,1) -> 1
B14: فحم | D14: =C14/90000 -> 0 | E14: =IF(C14<>0,0,1) -> 1
B15: نرابيج و لوازم | D15: =C15/90000 -> 0 | E15: =IF(C15<>0,0,1) -> 1
A16: عصائر | B16: فواكهة | C16: 500000 | D16: =C16/90000 -> 5.5555556 | E16: =IF(C16<>0,0,1) -> 0
B17: عسل | D17: =C17/90000 -> 0 | E17: =IF(C17<>0,0,1) -> 1
B18: نسلة | D18: =C18/90000 -> 0 | E18: =IF(C18<>0,0,1) -> 1
B19: شوكولا | D19: =C19/90000 -> 0 | E19: =IF(C19<>0,0,1) -> 1
B20: حليب | D20: =C20/90000 -> 0 | E20: =IF(C20<>0,0,1) -> 1
B21: مشروبات غازية | D21: =C21/90000 -> 0 | E21: =IF(C21<>0,0,1) -> 1
B22: نيسكافيه و كابتشينو | D22: =C22/90000 -> 0 | E22: =IF(C22<>0,0,1) -> 1
B23: قهوة مكنة | D23: =C23/90000 -> 0 | E23: =IF(C23<>0,0,1) -> 1
B24: لوازم أخرى | D24: =C24/90000 -> 0 | E24: =IF(C24<>0,0,1) -> 1
A25: لوازم | B25: كبيايات | D25: =C25/90000 -> 0 | E25: =IF(C25<>0,0,1) -> 1
B26: محارم | D26: =C26/90000 -> 0 | E26: =IF(C26<>0,0,1) -> 1
B27: مواد تنظيف | D27: =C27/90000 -> 0 | E27: =IF(C27<>0,0,1) -> 1
B28: مختلف | D28: =C28/90000 -> 0 | E28: =IF(C28<>0,0,1) -> 1
B29: مازوت | D29: =C29/90000 -> 0 | E29: =IF(C29<>0,0,1) -> 1
B30: صيانة | D30: =C30/90000 -> 0 | E30: =IF(C30<>0,0,1) -> 1
B31: اقتناء أصول | D31: =C31/90000 -> 0 | E31: =IF(C31<>0,0,1) -> 1
B32: سلف موظفين | D32: =C32/90000 -> 0 | E32: =IF(C32<>0,0,1) -> 1
B33: بنزين | D33: =C33/90000 -> 0 | E33: =IF(C33<>0,0,1) -> 1
B34: نقل | C34: 200000 | D34: =C34/90000 -> 2.2222222 | E34: =IF(C34<>0,0,1) -> 0
B35: رواتب | D35: =C35/90000 -> 0 | E35: =IF(C35<>0,0,1) -> 1
A37: اجمالي المصاريف | C37: =SUM(C13:C35) -> 700000 | D37: =SUM(D13:D35) -> 7.7777778
A38: الرصيد السابق | D38: ='16'!C42 -> 26822.054
A40: الرصيد الحالي | C40: =(C38+C11)-C37 -> 48860000 | D40: =D38 -> 26822.054
B42: الرصيد $ | C42: =D40+(C40/90000) -> 27364.943 | D42: 12370 | E42: =D42-C42 -> -14994.943
A43: ملاحظات

Sheet 18
A1: fun park | D1: الصفحة الرئيسية
A3: التاريخ
A5: الايراد | C5: ل ل | D5: $$ | E5: عدد
B6: اراكيل | C6: 6130000 | D6: =C6/90000 -> 68.111111 | E6: 21
B7: مشروبات | C7: 20250000 | D7: =C7/90000 -> 225 | E7: =E11-E6-E8-E9-E10 -> 110
B8: كريب | C8: 1730000 | D8: =C8/90000 -> 19.222222 | E8: 16
B9: العاب | C9: 8200000 | D9: =C9/90000 -> 91.111111 | E9: 37
B10: مختلف | D10: =C10/90000 -> 0
B11: الاجمالي | C11: =SUM(C6:C10) -> 36310000 | D11: =SUM(D6:D10) -> 403.44444 | E11: 184 | G11: =36310000-C11 -> 0
A12: المصاريف | C12: ل ل | D12: $ | E12: تصفيه
A13: اراكيل | B13: معسل | C13: =53*90000 -> 4770000 | D13: =C13/90000 -> 53 | E13: =IF(C13<>0,0,1) -> 0
B14: فحم | C14: =595*90000 -> 53550000 | D14: =C14/90000 -> 595 | E14: =IF(C14<>0,0,1) -> 0
B15: نرابيج و لوازم | D15: =C15/90000 -> 0 | E15: =IF(C15<>0,0,1) -> 1
A16: عصائر | B16: فواكهة | C16: 1700000 | D16: =C16/90000 -> 18.888889 | E16: =IF(C16<>0,0,1) -> 0
B17: عسل | D17: =C17/90000 -> 0 | E17: =IF(C17<>0,0,1) -> 1
B18: نسلة | D18: =C18/90000 -> 0 | E18: =IF(C18<>0,0,1) -> 1
B19: شوكولا | D19: =C19/90000 -> 0 | E19: =IF(C19<>0,0,1) -> 1
B20: حليب | D20: =C20/90000 -> 0 | E20: =IF(C20<>0,0,1) -> 1
B21: مشروبات غازية | C21: 1800000 | D21: =C21/90000 -> 20 | E21: =IF(C21<>0,0,1) -> 0
B22: نيسكافيه و كابتشينو | D22: =C22/90000 -> 0 | E22: =IF(C22<>0,0,1) -> 1
B23: قهوة مكنة | D23: =C23/90000 -> 0 | E23: =IF(C23<>0,0,1) -> 1
B24: لوازم أخرى | D24: =C24/90000 -> 0 | E24: =IF(C24<>0,0,1) -> 1
A25: لوازم | B25: كبيايات | D25: =C25/90000 -> 0 | E25: =IF(C25<>0,0,1) -> 1
B26: محارم | C26: 270000 | D26: =C26/90000 -> 3 | E26: =IF(C26<>0,0,1) -> 0
B27: مواد تنظيف | C27: 3600000 | D27: =C27/90000 -> 40 | E27: =IF(C27<>0,0,1) -> 0
B28: مختلف | C28: 700000 | D28: =C28/90000 -> 7.7777778 | E28: =IF(C28<>0,0,1) -> 0
B29: مازوت | D29: =C29/90000 -> 0 | E29: =IF(C29<>0,0,1) -> 1
B30: صيانة | D30: =C30/90000 -> 0 | E30: =IF(C30<>0,0,1) -> 1
B31: اقتناء أصول | C31: =75*90000 -> 6750000 | D31: =C31/90000 -> 75 | E31: =IF(C31<>0,0,1) -> 0
B32: سلف موظفين | C32: 2200000 | D32: =C32/90000 -> 24.444444 | E32: =IF(C32<>0,0,1) -> 0
B33: بنزين | D33: =C33/90000 -> 0 | E33: =IF(C33<>0,0,1) -> 1
B34: نقل | C34: 200000 | D34: =C34/90000 -> 2.2222222 | E34: =IF(C34<>0,0,1) -> 0
B35: رواتب | D35: =C35/90000 -> 0 | E35: =IF(C35<>0,0,1) -> 1
A37: اجمالي المصاريف | C37: =SUM(C13:C35) -> 75540000 | D37: =SUM(D13:D35) -> 839.33333
A38: الرصيد السابق | D38: ='17'!C42 -> 27364.943
A40: الرصيد الحالي | C40: =(C38+C11)-C37 -> -39230000 | D40: =D38 -> 27364.943
B42: الرصيد $ | C42: =D40+(C40/90000) -> 26929.054
A43: ملاحظات

Sheet 19
A1: fun park | D1: الصفحة الرئيسية
A3: التاريخ
A5: الايراد | C5: ل ل | D5: $$ | E5: عدد
B6: اراكيل | C6: 5950000 | D6: =C6/90000 -> 66.111111 | E6: 20
B7: مشروبات | C7: 12650000 | D7: =C7/90000 -> 140.55556 | E7: =E11-E6-E8-E9-E10 -> 73
B8: كريب | C8: 4510000 | D8: =C8/90000 -> 50.111111 | E8: 14
B9: العاب | C9: 6550000 | D9: =C9/90000 -> 72.777778 | E9: 31
B10: مختلف | C10: 140000 | D10: =C10/90000 -> 1.5555556 | E10: 1
B11: الاجمالي | C11: =SUM(C6:C10) -> 29800000 | D11: =SUM(D6:D10) -> 331.11111 | E11: 139 | G11: =29800000-C11 -> 0
A12: المصاريف | C12: ل ل | D12: $ | E12: تصفيه
A13: اراكيل | B13: معسل | D13: =C13/90000 -> 0 | E13: =IF(C13<>0,0,1) -> 1
B14: فحم | D14: =C14/90000 -> 0 | E14: =IF(C14<>0,0,1) -> 1
B15: نرابيج و لوازم | D15: =C15/90000 -> 0 | E15: =IF(C15<>0,0,1) -> 1
A16: عصائر | B16: فواكهة | C16: 300000 | D16: =C16/90000 -> 3.3333333 | E16: =IF(C16<>0,0,1) -> 0
B17: عسل | D17: =C17/90000 -> 0 | E17: =IF(C17<>0,0,1) -> 1
B18: نسلة | D18: =C18/90000 -> 0 | E18: =IF(C18<>0,0,1) -> 1
B19: شوكولا | C19: =108*90000 -> 9720000 | D19: =C19/90000 -> 108 | E19: =IF(C19<>0,0,1) -> 0
B20: حليب | D20: =C20/90000 -> 0 | E20: =IF(C20<>0,0,1) -> 1
B21: مشروبات غازية | D21: =C21/90000 -> 0 | E21: =IF(C21<>0,0,1) -> 1
B22: نيسكافيه و كابتشينو | D22: =C22/90000 -> 0 | E22: =IF(C22<>0,0,1) -> 1
B23: قهوة مكنة | D23: =C23/90000 -> 0 | E23: =IF(C23<>0,0,1) -> 1
B24: لوازم أخرى | D24: =C24/90000 -> 0 | E24: =IF(C24<>0,0,1) -> 1
A25: لوازم | B25: كبيايات | D25: =C25/90000 -> 0 | E25: =IF(C25<>0,0,1) -> 1
B26: محارم | D26: =C26/90000 -> 0 | E26: =IF(C26<>0,0,1) -> 1
B27: مواد تنظيف | D27: =C27/90000 -> 0 | E27: =IF(C27<>0,0,1) -> 1
B28: مختلف | D28: =C28/90000 -> 0 | E28: =IF(C28<>0,0,1) -> 1
B29: مازوت | D29: =C29/90000 -> 0 | E29: =IF(C29<>0,0,1) -> 1
B30: صيانة | C30: =223*90000 -> 20070000 | D30: =C30/90000 -> 223 | E30: =IF(C30<>0,0,1) -> 0
B31: اقتناء أصول | D31: =C31/90000 -> 0 | E31: =IF(C31<>0,0,1) -> 1
B32: سلف موظفين | C32: 450000 | D32: =C32/90000 -> 5 | E32: =IF(C32<>0,0,1) -> 0
B33: بنزين | D33: =C33/90000 -> 0 | E33: =IF(C33<>0,0,1) -> 1
B34: نقل | C34: 200000 | D34: =C34/90000 -> 2.2222222 | E34: =IF(C34<>0,0,1) -> 0
B35: رواتب | D35: =C35/90000 -> 0 | E35: =IF(C35<>0,0,1) -> 1
A37: اجمالي المصاريف | C37: =SUM(C13:C35) -> 30740000 | D37: =SUM(D13:D35) -> 341.55556
A38: الرصيد السابق | D38: ='18'!C42 -> 26929.054
A40: الرصيد الحالي | C40: =(C38+C11)-C37 -> -940000 | D40: =D38 -> 26929.054
B42: الرصيد $ | C42: =D40+(C40/90000) -> 26918.61
A43: ملاحظات

Sheet 20
A1: fun park | D1: الصفحة الرئيسية
A3: التاريخ
A5: الايراد | C5: ل ل | D5: $$ | E5: عدد
B6: اراكيل | C6: 1800000 | D6: =C6/90000 -> 20 | E6: 6
B7: مشروبات | C7: 2900000 | D7: =C7/90000 -> 32.222222 | E7: =E11-E6-E8-E9-E10 -> 20
B8: كريب | C8: 320000 | D8: =C8/90000 -> 3.5555556 | E8: 1
B9: العاب | C9: 1050000 | D9: =C9/90000 -> 11.666667 | E9: 6
B10: مختلف | D10: =C10/90000 -> 0
B11: الاجمالي | C11: =SUM(C6:C10) -> 6070000 | D11: =SUM(D6:D10) -> 67.444444 | E11: 33 | G11: =6070000-C11 -> 0
A12: المصاريف | C12: ل ل | D12: $ | E12: تصفيه
A13: اراكيل | B13: معسل | D13: =C13/90000 -> 0 | E13: =IF(C13<>0,0,1) -> 1
B14: فحم | D14: =C14/90000 -> 0 | E14: =IF(C14<>0,0,1) -> 1
B15: نرابيج و لوازم | D15: =C15/90000 -> 0 | E15: =IF(C15<>0,0,1) -> 1
A16: عصائر | B16: فواكهة | C16: 530000 | D16: =C16/90000 -> 5.8888889 | E16: =IF(C16<>0,0,1) -> 0
B17: عسل | C17: 1300000 | D17: =C17/90000 -> 14.444444 | E17: =IF(C17<>0,0,1) -> 0
B18: نسلة | D18: =C18/90000 -> 0 | E18: =IF(C18<>0,0,1) -> 1
B19: شوكولا | D19: =C19/90000 -> 0 | E19: =IF(C19<>0,0,1) -> 1
B20: حليب | D20: =C20/90000 -> 0 | E20: =IF(C20<>0,0,1) -> 1
B21: مشروبات غازية | D21: =C21/90000 -> 0 | E21: =IF(C21<>0,0,1) -> 1
B22: نيسكافيه و كابتشينو | D22: =C22/90000 -> 0 | E22: =IF(C22<>0,0,1) -> 1
B23: قهوة مكنة | C23: =69*90000 -> 6210000 | D23: =C23/90000 -> 69 | E23: =IF(C23<>0,0,1) -> 0
B24: لوازم أخرى | D24: =C24/90000 -> 0 | E24: =IF(C24<>0,0,1) -> 1
A25: لوازم | B25: كبيايات | D25: =C25/90000 -> 0 | E25: =IF(C25<>0,0,1) -> 1
B26: محارم | D26: =C26/90000 -> 0 | E26: =IF(C26<>0,0,1) -> 1
B27: مواد تنظيف | D27: =C27/90000 -> 0 | E27: =IF(C27<>0,0,1) -> 1
B28: مختلف | D28: =C28/90000 -> 0 | E28: =IF(C28<>0,0,1) -> 1
B29: مازوت | D29: =C29/90000 -> 0 | E29: =IF(C29<>0,0,1) -> 1
B30: صيانة | D30: =C30/90000 -> 0 | E30: =IF(C30<>0,0,1) -> 1
B31: اقتناء أصول | D31: =C31/90000 -> 0 | E31: =IF(C31<>0,0,1) -> 1
B32: سلف موظفين | C32: =900000+250000 -> 1150000 | D32: =C32/90000 -> 12.777778 | E32: =IF(C32<>0,0,1) -> 0
B33: بنزين | D33: =C33/90000 -> 0 | E33: =IF(C33<>0,0,1) -> 1
B34: نقل | C34: 200000 | D34: =C34/90000 -> 2.2222222 | E34: =IF(C34<>0,0,1) -> 0
B35: رواتب | D35: =C35/90000 -> 0 | E35: =IF(C35<>0,0,1) -> 1
A37: اجمالي المصاريف | C37: =SUM(C13:C35) -> 9390000 | D37: =SUM(D13:D35) -> 104.33333
A38: الرصيد السابق | D38: ='19'!C42 -> 26918.61
A40: الرصيد الحالي | C40: =(C38+C11)-C37 -> -3320000 | D40: =D38 -> 26918.61
B42: الرصيد $ | C42: =D40+(C40/90000) -> 26881.721
A43: ملاحظات

Sheet 21
A1: fun park | D1: الصفحة الرئيسية
A3: التاريخ
A5: الايراد | C5: ل ل | D5: $$ | E5: عدد
B6: اراكيل | C6: 3200000 | D6: =C6/90000 -> 35.555556 | E6: 11
B7: مشروبات | C7: 10150000 | D7: =C7/90000 -> 112.77778 | E7: =E11-E6-E8-E9-E10 -> 65
B8: كريب | C8: 2060000 | D8: =C8/90000 -> 22.888889 | E8: 6
B9: العاب | C9: 2300000 | D9: =C9/90000 -> 25.555556 | E9: 11
B10: مختلف | C10: 870000 | D10: =C10/90000 -> 9.6666667 | E10: 6
B11: الاجمالي | C11: =SUM(C6:C10) -> 18580000 | D11: =SUM(D6:D10) -> 206.44444 | E11: 99 | G11: =18580000-C11 -> 0
A12: المصاريف | C12: ل ل | D12: $ | E12: تصفيه
A13: اراكيل | B13: معسل | D13: =C13/90000 -> 0 | E13: =IF(C13<>0,0,1) -> 1
B14: فحم | D14: =C14/90000 -> 0 | E14: =IF(C14<>0,0,1) -> 1
B15: نرابيج و لوازم | D15: =C15/90000 -> 0 | E15: =IF(C15<>0,0,1) -> 1
A16: عصائر | B16: فواكهة | D16: =C16/90000 -> 0 | E16: =IF(C16<>0,0,1) -> 1
B17: عسل | D17: =C17/90000 -> 0 | E17: =IF(C17<>0,0,1) -> 1
B18: نسلة | D18: =C18/90000 -> 0 | E18: =IF(C18<>0,0,1) -> 1
B19: شوكولا | C19: 1070000 | D19: =C19/90000 -> 11.888889 | E19: =IF(C19<>0,0,1) -> 0
B20: حليب | D20: =C20/90000 -> 0 | E20: =IF(C20<>0,0,1) -> 1
B21: مشروبات غازية | D21: =C21/90000 -> 0 | E21: =IF(C21<>0,0,1) -> 1
B22: نيسكافيه و كابتشينو | D22: =C22/90000 -> 0 | E22: =IF(C22<>0,0,1) -> 1
B23: قهوة مكنة | D23: =C23/90000 -> 0 | E23: =IF(C23<>0,0,1) -> 1
B24: لوازم أخرى | D24: =C24/90000 -> 0 | E24: =IF(C24<>0,0,1) -> 1
A25: لوازم | B25: كبيايات | D25: =C25/90000 -> 0 | E25: =IF(C25<>0,0,1) -> 1
B26: محارم | D26: =C26/90000 -> 0 | E26: =IF(C26<>0,0,1) -> 1
B27: مواد تنظيف | D27: =C27/90000 -> 0 | E27: =IF(C27<>0,0,1) -> 1
B28: مختلف | D28: =C28/90000 -> 0 | E28: =IF(C28<>0,0,1) -> 1
B29: مازوت | D29: =C29/90000 -> 0 | E29: =IF(C29<>0,0,1) -> 1
B30: صيانة | C30: 450000 | D30: =C30/90000 -> 5 | E30: =IF(C30<>0,0,1) -> 0
B31: اقتناء أصول | D31: =C31/90000 -> 0 | E31: =IF(C31<>0,0,1) -> 1
B32: سلف موظفين | C32: 2100000 | D32: =C32/90000 -> 23.333333 | E32: =IF(C32<>0,0,1) -> 0
B33: بنزين | D33: =C33/90000 -> 0 | E33: =IF(C33<>0,0,1) -> 1
B34: نقل | C34: 200000 | D34: =C34/90000 -> 2.2222222 | E34: =IF(C34<>0,0,1) -> 0
B35: رواتب | D35: =C35/90000 -> 0 | E35: =IF(C35<>0,0,1) -> 1
A37: اجمالي المصاريف | C37: =SUM(C13:C35) -> 3820000 | D37: =SUM(D13:D35) -> 42.444444
A38: الرصيد السابق | D38: ='20'!C42 -> 26881.721
A40: الرصيد الحالي | C40: =(C38+C11)-C37 -> 14760000 | D40: =D38 -> 26881.721
B42: الرصيد $ | C42: =D40+(C40/90000) -> 27045.721
A43: ملاحظات

Sheet 22
A1: fun park | D1: الصفحة الرئيسية
A3: التاريخ
A5: الايراد | C5: ل ل | D5: $$ | E5: عدد
B6: اراكيل | C6: 4110000 | D6: =C6/90000 -> 45.666667 | E6: 14
B7: مشروبات | C7: 10100000 | D7: =C7/90000 -> 112.22222 | E7: =E11-E6-E8-E9-E10 -> 58
B8: كريب | C8: 1270000 | D8: =C8/90000 -> 14.111111 | E8: 4
B9: العاب | C9: 1500000 | D9: =C9/90000 -> 16.666667 | E9: 6
B10: مختلف | D10: =C10/90000 -> 0
B11: الاجمالي | C11: =SUM(C6:C10) -> 16980000 | D11: =SUM(D6:D10) -> 188.66667 | E11: 82 | G11: =16980000-C11 -> 0
A12: المصاريف | C12: ل ل | D12: $ | E12: تصفيه
A13: اراكيل | B13: معسل | D13: =C13/90000 -> 0 | E13: =IF(C13<>0,0,1) -> 1
B14: فحم | D14: =C14/90000 -> 0 | E14: =IF(C14<>0,0,1) -> 1
B15: نرابيج و لوازم | D15: =C15/90000 -> 0 | E15: =IF(C15<>0,0,1) -> 1
A16: عصائر | B16: فواكهة | D16: =C16/90000 -> 0 | E16: =IF(C16<>0,0,1) -> 1
B17: عسل | D17: =C17/90000 -> 0 | E17: =IF(C17<>0,0,1) -> 1
B18: نسلة | D18: =C18/90000 -> 0 | E18: =IF(C18<>0,0,1) -> 1
B19: شوكولا | D19: =C19/90000 -> 0 | E19: =IF(C19<>0,0,1) -> 1
B20: حليب | D20: =C20/90000 -> 0 | E20: =IF(C20<>0,0,1) -> 1
B21: مشروبات غازية | D21: =C21/90000 -> 0 | E21: =IF(C21<>0,0,1) -> 1
B22: نيسكافيه و كابتشينو | D22: =C22/90000 -> 0 | E22: =IF(C22<>0,0,1) -> 1
B23: قهوة مكنة | D23: =C23/90000 -> 0 | E23: =IF(C23<>0,0,1) -> 1
B24: لوازم أخرى | D24: =C24/90000 -> 0 | E24: =IF(C24<>0,0,1) -> 1
A25: لوازم | B25: كبيايات | D25: =C25/90000 -> 0 | E25: =IF(C25<>0,0,1) -> 1
B26: محارم | D26: =C26/90000 -> 0 | E26: =IF(C26<>0,0,1) -> 1
B27: مواد تنظيف | D27: =C27/90000 -> 0 | E27: =IF(C27<>0,0,1) -> 1
B28: مختلف | D28: =C28/90000 -> 0 | E28: =IF(C28<>0,0,1) -> 1
B29: مازوت | D29: =C29/90000 -> 0 | E29: =IF(C29<>0,0,1) -> 1
B30: صيانة | D30: =C30/90000 -> 0 | E30: =IF(C30<>0,0,1) -> 1
B31: اقتناء أصول | C31: =270*90000 -> 24300000 | D31: =C31/90000 -> 270 | E31: =IF(C31<>0,0,1) -> 0
B32: سلف موظفين | C32: 400000 | D32: =C32/90000 -> 4.4444444 | E32: =IF(C32<>0,0,1) -> 0
B33: بنزين | D33: =C33/90000 -> 0 | E33: =IF(C33<>0,0,1) -> 1
B34: نقل | C34: 200000 | D34: =C34/90000 -> 2.2222222 | E34: =IF(C34<>0,0,1) -> 0
B35: رواتب | D35: =C35/90000 -> 0 | E35: =IF(C35<>0,0,1) -> 1
A37: اجمالي المصاريف | C37: =SUM(C13:C35) -> 24900000 | D37: =SUM(D13:D35) -> 276.66667
A38: الرصيد السابق | D38: ='21'!C42 -> 27045.721
A40: الرصيد الحالي | C40: =(C38+C11)-C37 -> -7920000 | D40: =D38 -> 27045.721
B42: الرصيد $ | C42: =D40+(C40/90000) -> 26957.721
A43: ملاحظات

Sheet 23
A1: fun park | D1: الصفحة الرئيسية
A3: التاريخ
A5: الايراد | C5: ل ل | D5: $$ | E5: عدد
B6: اراكيل | C6: 3040000 | D6: =C6/90000 -> 33.777778 | E6: 10
B7: مشروبات | C7: 7210000 | D7: =C7/90000 -> 80.111111 | E7: =E11-E6-E8-E9-E10 -> 36
B8: كريب | C8: 3920000 | D8: =C8/90000 -> 43.555556 | E8: 12
B9: العاب | C9: 2750000 | D9: =C9/90000 -> 30.555556 | E9: 14
B10: مختلف | C10: 300000 | D10: =C10/90000 -> 3.3333333 | E10: 2
B11: الاجمالي | C11: =SUM(C6:C10) -> 17220000 | D11: =SUM(D6:D10) -> 191.33333 | E11: 74 | G11: =17220000-C11 -> 0
A12: المصاريف | C12: ل ل | D12: $ | E12: تصفيه
A13: اراكيل | B13: معسل | D13: =C13/90000 -> 0 | E13: =IF(C13<>0,0,1) -> 1
B14: فحم | D14: =C14/90000 -> 0 | E14: =IF(C14<>0,0,1) -> 1
B15: نرابيج و لوازم | C15: 1800000 | D15: =C15/90000 -> 20 | E15: =IF(C15<>0,0,1) -> 0
A16: عصائر | B16: فواكهة | C16: 1000000 | D16: =C16/90000 -> 11.111111 | E16: =IF(C16<>0,0,1) -> 0
B17: عسل | D17: =C17/90000 -> 0 | E17: =IF(C17<>0,0,1) -> 1
B18: نسلة | D18: =C18/90000 -> 0 | E18: =IF(C18<>0,0,1) -> 1
B19: شوكولا | D19: =C19/90000 -> 0 | E19: =IF(C19<>0,0,1) -> 1
B20: حليب | D20: =C20/90000 -> 0 | E20: =IF(C20<>0,0,1) -> 1
B21: مشروبات غازية | D21: =C21/90000 -> 0 | E21: =IF(C21<>0,0,1) -> 1
B22: نيسكافيه و كابتشينو | D22: =C22/90000 -> 0 | E22: =IF(C22<>0,0,1) -> 1
B23: قهوة مكنة | D23: =C23/90000 -> 0 | E23: =IF(C23<>0,0,1) -> 1
B24: لوازم أخرى | C24: 1899999 | D24: =C24/90000 -> 21.1111 | E24: =IF(C24<>0,0,1) -> 0
A25: لوازم | B25: كبيايات | D25: =C25/90000 -> 0 | E25: =IF(C25<>0,0,1) -> 1
B26: محارم | D26: =C26/90000 -> 0 | E26: =IF(C26<>0,0,1) -> 1
B27: مواد تنظيف | D27: =C27/90000 -> 0 | E27: =IF(C27<>0,0,1) -> 1
B28: مختلف | C28: 50000 | D28: =C28/90000 -> 0.55555556 | E28: =IF(C28<>0,0,1) -> 0
B29: مازوت | D29: =C29/90000 -> 0 | E29: =IF(C29<>0,0,1) -> 1
B30: صيانة | C30: =70*90000 -> 6300000 | D30: =C30/90000 -> 70 | E30: =IF(C30<>0,0,1) -> 0
B31: اقتناء أصول | D31: =C31/90000 -> 0 | E31: =IF(C31<>0,0,1) -> 1
B32: سلف موظفين | C32: 400000 | D32: =C32/90000 -> 4.4444444 | E32: =IF(C32<>0,0,1) -> 0
B33: بنزين | D33: =C33/90000 -> 0 | E33: =IF(C33<>0,0,1) -> 1
B34: نقل | C34: 200000 | D34: =C34/90000 -> 2.2222222 | E34: =IF(C34<>0,0,1) -> 0
B35: رواتب | D35: =C35/90000 -> 0 | E35: =IF(C35<>0,0,1) -> 1
A37: اجمالي المصاريف | C37: =SUM(C13:C35) -> 11649999 | D37: =SUM(D13:D35) -> 129.44443
A38: الرصيد السابق | D38: ='22'!C42 -> 26957.721
A40: الرصيد الحالي | C40: =(C38+C11)-C37 -> 5570001 | D40: =D38 -> 26957.721
B42: الرصيد $ | C42: =D40+(C40/90000) -> 27019.61
A43: ملاحظات
A44: صيانة بسكلاتات

Sheet 24
A1: fun park | D1: الصفحة الرئيسية
A3: التاريخ
A5: الايراد | C5: ل ل | D5: $$ | E5: عدد
B6: اراكيل | C6: 5840000 | D6: =C6/90000 -> 64.888889 | E6: 19
B7: مشروبات | C7: 17580000 | D7: =C7/90000 -> 195.33333 | E7: =E11-E6-E8-E9-E10 -> 97
B8: كريب | C8: 6850000 | D8: =C8/90000 -> 76.111111 | E8: 26
B9: العاب | C9: 12850000 | D9: =C9/90000 -> 142.77778 | E9: 55
B10: مختلف | D10: =C10/90000 -> 0
B11: الاجمالي | C11: =SUM(C6:C10) -> 43120000 | D11: =SUM(D6:D10) -> 479.11111 | E11: 197 | G11: =43120000-C11 -> 0
A12: المصاريف | C12: ل ل | D12: $ | E12: تصفيه
A13: اراكيل | B13: معسل | D13: =C13/90000 -> 0 | E13: =IF(C13<>0,0,1) -> 1
B14: فحم | D14: =C14/90000 -> 0 | E14: =IF(C14<>0,0,1) -> 1
B15: نرابيج و لوازم | D15: =C15/90000 -> 0 | E15: =IF(C15<>0,0,1) -> 1
A16: عصائر | B16: فواكهة | D16: =C16/90000 -> 0 | E16: =IF(C16<>0,0,1) -> 1
B17: عسل | D17: =C17/90000 -> 0 | E17: =IF(C17<>0,0,1) -> 1
B18: نسلة | D18: =C18/90000 -> 0 | E18: =IF(C18<>0,0,1) -> 1
B19: شوكولا | D19: =C19/90000 -> 0 | E19: =IF(C19<>0,0,1) -> 1
B20: حليب | D20: =C20/90000 -> 0 | E20: =IF(C20<>0,0,1) -> 1
B21: مشروبات غازية | D21: =C21/90000 -> 0 | E21: =IF(C21<>0,0,1) -> 1
B22: نيسكافيه و كابتشينو | D22: =C22/90000 -> 0 | E22: =IF(C22<>0,0,1) -> 1
B23: قهوة مكنة | D23: =C23/90000 -> 0 | E23: =IF(C23<>0,0,1) -> 1
B24: لوازم أخرى | D24: =C24/90000 -> 0 | E24: =IF(C24<>0,0,1) -> 1
A25: لوازم | B25: كبيايات | D25: =C25/90000 -> 0 | E25: =IF(C25<>0,0,1) -> 1
B26: محارم | D26: =C26/90000 -> 0 | E26: =IF(C26<>0,0,1) -> 1
B27: مواد تنظيف | D27: =C27/90000 -> 0 | E27: =IF(C27<>0,0,1) -> 1
B28: مختلف | D28: =C28/90000 -> 0 | E28: =IF(C28<>0,0,1) -> 1
B29: مازوت | D29: =C29/90000 -> 0 | E29: =IF(C29<>0,0,1) -> 1
B30: صيانة | D30: =C30/90000 -> 0 | E30: =IF(C30<>0,0,1) -> 1
B31: اقتناء أصول | D31: =C31/90000 -> 0 | E31: =IF(C31<>0,0,1) -> 1
B32: سلف موظفين | C32: 1040000 | D32: =C32/90000 -> 11.555556 | E32: =IF(C32<>0,0,1) -> 0
B33: بنزين | D33: =C33/90000 -> 0 | E33: =IF(C33<>0,0,1) -> 1
B34: نقل | C34: 200000 | D34: =C34/90000 -> 2.2222222 | E34: =IF(C34<>0,0,1) -> 0
B35: رواتب | D35: =C35/90000 -> 0 | E35: =IF(C35<>0,0,1) -> 1
A37: اجمالي المصاريف | C37: =SUM(C13:C35) -> 1240000 | D37: =SUM(D13:D35) -> 13.777778
A38: الرصيد السابق | D38: ='23'!C42 -> 27019.61
A40: الرصيد الحالي | C40: =(C38+C11)-C37 -> 41880000 | D40: =D38 -> 27019.61
B42: الرصيد $ | C42: =D40+(C40/90000) -> 27484.943
A43: ملاحظات

Sheet 25
A1: fun park | D1: الصفحة الرئيسية
A3: التاريخ
A5: الايراد | C5: ل ل | D5: $$ | E5: عدد
B6: اراكيل | C6: 4580000 | D6: =C6/90000 -> 50.888889 | E6: 15
B7: مشروبات | C7: 21820000 | D7: =C7/90000 -> 242.44444 | E7: =E11-E6-E8-E9-E10 -> 135
B8: كريب | C8: 8730000 | D8: =C8/90000 -> 97 | E8: 30
B9: العاب | C9: 13850000 | D9: =C9/90000 -> 153.88889 | E9: 56
B10: مختلف | C10: 300000 | D10: =C10/90000 -> 3.3333333 | E10: 2
B11: الاجمالي | C11: =SUM(C6:C10) -> 49280000 | D11: =SUM(D6:D10) -> 547.55556 | E11: 238 | G11: =49280000-C11 -> 0
A12: المصاريف | C12: ل ل | D12: $ | E12: تصفيه
A13: اراكيل | B13: معسل | D13: =C13/90000 -> 0 | E13: =IF(C13<>0,0,1) -> 1
B14: فحم | D14: =C14/90000 -> 0 | E14: =IF(C14<>0,0,1) -> 1
B15: نرابيج و لوازم | C15: 500000 | D15: =C15/90000 -> 5.5555556 | E15: =IF(C15<>0,0,1) -> 0
A16: عصائر | B16: فواكهة | D16: =C16/90000 -> 0 | E16: =IF(C16<>0,0,1) -> 1
B17: عسل | D17: =C17/90000 -> 0 | E17: =IF(C17<>0,0,1) -> 1
B18: نسلة | D18: =C18/90000 -> 0 | E18: =IF(C18<>0,0,1) -> 1
B19: شوكولا | C19: =1700000 -> 1700000 | D19: =C19/90000 -> 18.888889 | E19: =IF(C19<>0,0,1) -> 0
B20: حليب | D20: =C20/90000 -> 0 | E20: =IF(C20<>0,0,1) -> 1
B21: مشروبات غازية | D21: =C21/90000 -> 0 | E21: =IF(C21<>0,0,1) -> 1
B22: نيسكافيه و كابتشينو | D22: =C22/90000 -> 0 | E22: =IF(C22<>0,0,1) -> 1
B23: قهوة مكنة | D23: =C23/90000 -> 0 | E23: =IF(C23<>0,0,1) -> 1
B24: لوازم أخرى | C24: 2700000 | D24: =C24/90000 -> 30 | E24: =IF(C24<>0,0,1) -> 0
A25: لوازم | B25: كبيايات | D25: =C25/90000 -> 0 | E25: =IF(C25<>0,0,1) -> 1
B26: محارم | D26: =C26/90000 -> 0 | E26: =IF(C26<>0,0,1) -> 1
B27: مواد تنظيف | C27: 1960000 | D27: =C27/90000 -> 21.777778 | E27: =IF(C27<>0,0,1) -> 0
B28: مختلف | C28: =35*90000 -> 3150000 | D28: =C28/90000 -> 35 | E28: =IF(C28<>0,0,1) -> 0
B29: مازوت | D29: =C29/90000 -> 0 | E29: =IF(C29<>0,0,1) -> 1
B30: صيانة | C30: 1800000 | D30: =C30/90000 -> 20 | E30: =IF(C30<>0,0,1) -> 0
B31: اقتناء أصول | D31: =C31/90000 -> 0 | E31: =IF(C31<>0,0,1) -> 1
B32: سلف موظفين | C32: 100000 | D32: =C32/90000 -> 1.1111111 | E32: =IF(C32<>0,0,1) -> 0
B33: بنزين | D33: =C33/90000 -> 0 | E33: =IF(C33<>0,0,1) -> 1
B34: نقل | C34: 200000 | D34: =C34/90000 -> 2.2222222 | E34: =IF(C34<>0,0,1) -> 0
B35: رواتب | D35: =C35/90000 -> 0 | E35: =IF(C35<>0,0,1) -> 1
A37: اجمالي المصاريف | C37: =SUM(C13:C35) -> 12110000 | D37: =SUM(D13:D35) -> 134.55556
A38: الرصيد السابق | D38: ='24'!C42 -> 27484.943
A40: الرصيد الحالي | C40: =(C38+C11)-C37 -> 37170000 | D40: =D38 -> 27484.943
B42: الرصيد $ | C42: =D40+(C40/90000) -> 27897.943
A43: ملاحظات

Sheet 26
A1: fun park | D1: الصفحة الرئيسية
A3: التاريخ
A5: الايراد | C5: ل ل | D5: $$ | E5: عدد
B6: اراكيل | C6: 19150000 | D6: =C6/90000 -> 212.77778 | E6: 67
B7: مشروبات | C7: 51160000 | D7: =C7/90000 -> 568.44444 | E7: =E11-E6-E8-E9-E10 -> 296
B8: كريب | C8: 15820000 | D8: =C8/90000 -> 175.77778 | E8: 50
B9: العاب | C9: 11950000 | D9: =C9/90000 -> 132.77778 | E9: 55
B10: مختلف | C10: 1050000 | D10: =C10/90000 -> 11.666667 | E10: 3
B11: الاجمالي | C11: =SUM(C6:C10) -> 99130000 | D11: =SUM(D6:D10) -> 1101.4444 | E11: 471 | G11: =99130000-C11 -> 0
A12: المصاريف | C12: ل ل | D12: $ | E12: تصفيه
A13: اراكيل | B13: معسل | C13: 2240000 | D13: =C13/90000 -> 24.888889 | E13: =IF(C13<>0,0,1) -> 0
B14: فحم | D14: =C14/90000 -> 0 | E14: =IF(C14<>0,0,1) -> 1
B15: نرابيج و لوازم | D15: =C15/90000 -> 0 | E15: =IF(C15<>0,0,1) -> 1
A16: عصائر | B16: فواكهة | D16: =C16/90000 -> 0 | E16: =IF(C16<>0,0,1) -> 1
B17: عسل | D17: =C17/90000 -> 0 | E17: =IF(C17<>0,0,1) -> 1
B18: نسلة | D18: =C18/90000 -> 0 | E18: =IF(C18<>0,0,1) -> 1
B19: شوكولا | C19: =47*90000 -> 4230000 | D19: =C19/90000 -> 47 | E19: =IF(C19<>0,0,1) -> 0
B20: حليب | D20: =C20/90000 -> 0 | E20: =IF(C20<>0,0,1) -> 1
B21: مشروبات غازية | D21: =C21/90000 -> 0 | E21: =IF(C21<>0,0,1) -> 1
B22: نيسكافيه و كابتشينو | D22: =C22/90000 -> 0 | E22: =IF(C22<>0,0,1) -> 1
B23: قهوة مكنة | D23: =C23/90000 -> 0 | E23: =IF(C23<>0,0,1) -> 1
B24: لوازم أخرى | D24: =C24/90000 -> 0 | E24: =IF(C24<>0,0,1) -> 1
A25: لوازم | B25: كبيايات | D25: =C25/90000 -> 0 | E25: =IF(C25<>0,0,1) -> 1
B26: محارم | D26: =C26/90000 -> 0 | E26: =IF(C26<>0,0,1) -> 1
B27: مواد تنظيف | D27: =C27/90000 -> 0 | E27: =IF(C27<>0,0,1) -> 1
B28: مختلف | D28: =C28/90000 -> 0 | E28: =IF(C28<>0,0,1) -> 1
B29: مازوت | D29: =C29/90000 -> 0 | E29: =IF(C29<>0,0,1) -> 1
B30: صيانة | D30: =C30/90000 -> 0 | E30: =IF(C30<>0,0,1) -> 1
B31: اقتناء أصول | D31: =C31/90000 -> 0 | E31: =IF(C31<>0,0,1) -> 1
B32: سلف موظفين | C32: 700000 | D32: =C32/90000 -> 7.7777778 | E32: =IF(C32<>0,0,1) -> 0
B33: بنزين | D33: =C33/90000 -> 0 | E33: =IF(C33<>0,0,1) -> 1
B34: نقل | C34: 200000 | D34: =C34/90000 -> 2.2222222 | E34: =IF(C34<>0,0,1) -> 0
B35: رواتب | C35: 600000 | D35: =C35/90000 -> 6.6666667 | E35: =IF(C35<>0,0,1) -> 0
A37: اجمالي المصاريف | C37: =SUM(C13:C35) -> 7970000 | D37: =SUM(D13:D35) -> 88.555556
A38: الرصيد السابق | D38: ='25'!C42 -> 27897.943
A40: الرصيد الحالي | C40: =(C38+C11)-C37 -> 91160000 | D40: =D38 -> 27897.943
B42: الرصيد $ | C42: =D40+(C40/90000) -> 28910.832 | D42: =11179-C42 -> -17731.832
A43: ملاحظات

Sheet 27
A1: fun park | D1: الصفحة الرئيسية
A3: التاريخ
A5: الايراد | C5: ل ل | D5: $$ | E5: عدد
B6: اراكيل | C6: 1200000 | D6: =C6/90000 -> 13.333333 | E6: 4
B7: مشروبات | C7: 10620000 | D7: =C7/90000 -> 118 | E7: =E11-E6-E8-E9-E10 -> 50
B8: كريب | C8: 620000 | D8: =C8/90000 -> 6.8888889 | E8: 2
B9: العاب | C9: 4900000 | D9: =C9/90000 -> 54.444444 | E9: 22
B10: مختلف | C10: 140000 | D10: =C10/90000 -> 1.5555556 | E10: 1
B11: الاجمالي | C11: =SUM(C6:C10) -> 17480000 | D11: =SUM(D6:D10) -> 194.22222 | E11: 79 | G11: =17480000-C11 -> 0
A12: المصاريف | C12: ل ل | D12: $ | E12: تصفيه
A13: اراكيل | B13: معسل | D13: =C13/90000 -> 0 | E13: =IF(C13<>0,0,1) -> 1
B14: فحم | D14: =C14/90000 -> 0 | E14: =IF(C14<>0,0,1) -> 1
B15: نرابيج و لوازم | D15: =C15/90000 -> 0 | E15: =IF(C15<>0,0,1) -> 1
A16: عصائر | B16: فواكهة | C16: 200000 | D16: =C16/90000 -> 2.2222222 | E16: =IF(C16<>0,0,1) -> 0
B17: عسل | C17: =78*90000 -> 7020000 | D17: =C17/90000 -> 78 | E17: =IF(C17<>0,0,1) -> 0
B18: نسلة | D18: =C18/90000 -> 0 | E18: =IF(C18<>0,0,1) -> 1
B19: شوكولا | D19: =C19/90000 -> 0 | E19: =IF(C19<>0,0,1) -> 1
B20: حليب | D20: =C20/90000 -> 0 | E20: =IF(C20<>0,0,1) -> 1
B21: مشروبات غازية | D21: =C21/90000 -> 0 | E21: =IF(C21<>0,0,1) -> 1
B22: نيسكافيه و كابتشينو | D22: =C22/90000 -> 0 | E22: =IF(C22<>0,0,1) -> 1
B23: قهوة مكنة | D23: =C23/90000 -> 0 | E23: =IF(C23<>0,0,1) -> 1
B24: لوازم أخرى | D24: =C24/90000 -> 0 | E24: =IF(C24<>0,0,1) -> 1
A25: لوازم | B25: كبيايات | D25: =C25/90000 -> 0 | E25: =IF(C25<>0,0,1) -> 1
B26: محارم | D26: =C26/90000 -> 0 | E26: =IF(C26<>0,0,1) -> 1
B27: مواد تنظيف | D27: =C27/90000 -> 0 | E27: =IF(C27<>0,0,1) -> 1
B28: مختلف | D28: =C28/90000 -> 0 | E28: =IF(C28<>0,0,1) -> 1
B29: مازوت | D29: =C29/90000 -> 0 | E29: =IF(C29<>0,0,1) -> 1
B30: صيانة | D30: =C30/90000 -> 0 | E30: =IF(C30<>0,0,1) -> 1
B31: اقتناء أصول | D31: =C31/90000 -> 0 | E31: =IF(C31<>0,0,1) -> 1
B32: سلف موظفين | D32: =C32/90000 -> 0 | E32: =IF(C32<>0,0,1) -> 1
B33: بنزين | D33: =C33/90000 -> 0 | E33: =IF(C33<>0,0,1) -> 1
B34: نقل | C34: 200000 | D34: =C34/90000 -> 2.2222222 | E34: =IF(C34<>0,0,1) -> 0
B35: رواتب | D35: =C35/90000 -> 0 | E35: =IF(C35<>0,0,1) -> 1
A37: اجمالي المصاريف | C37: =SUM(C13:C35) -> 7420000 | D37: =SUM(D13:D35) -> 82.444444
A38: الرصيد السابق | D38: ='26'!C42 -> 28910.832
A40: الرصيد الحالي | C40: =(C38+C11)-C37 -> 10060000 | D40: =D38 -> 28910.832
B42: الرصيد $ | C42: =D40+(C40/90000) -> 29022.61
A43: ملاحظات

Sheet 28
A1: fun park | D1: الصفحة الرئيسية
A3: التاريخ
A5: الايراد | C5: ل ل | D5: $$ | E5: عدد
B6: اراكيل | C6: 1740000 | D6: =C6/90000 -> 19.333333 | E6: 6
B7: مشروبات | C7: 6950000 | D7: =C7/90000 -> 77.222222 | E7: =E11-E6-E8-E9-E10 -> 43
B8: كريب | C8: 1600000 | D8: =C8/90000 -> 17.777778 | E8: 5
B9: العاب | C9: 5650000 | D9: =C9/90000 -> 62.777778 | E9: 25
B10: مختلف | C10: 300000 | D10: =C10/90000 -> 3.3333333 | E10: 2
B11: الاجمالي | C11: =SUM(C6:C10) -> 16240000 | D11: =SUM(D6:D10) -> 180.44444 | E11: 81 | G11: =16240000-C11 -> 0
A12: المصاريف | C12: ل ل | D12: $ | E12: تصفيه
A13: اراكيل | B13: معسل | D13: =C13/90000 -> 0 | E13: =IF(C13<>0,0,1) -> 1
B14: فحم | D14: =C14/90000 -> 0 | E14: =IF(C14<>0,0,1) -> 1
B15: نرابيج و لوازم | D15: =C15/90000 -> 0 | E15: =IF(C15<>0,0,1) -> 1
A16: عصائر | B16: فواكهة | D16: =C16/90000 -> 0 | E16: =IF(C16<>0,0,1) -> 1
B17: عسل | D17: =C17/90000 -> 0 | E17: =IF(C17<>0,0,1) -> 1
B18: نسلة | D18: =C18/90000 -> 0 | E18: =IF(C18<>0,0,1) -> 1
B19: شوكولا | D19: =C19/90000 -> 0 | E19: =IF(C19<>0,0,1) -> 1
B20: حليب | D20: =C20/90000 -> 0 | E20: =IF(C20<>0,0,1) -> 1
B21: مشروبات غازية | D21: =C21/90000 -> 0 | E21: =IF(C21<>0,0,1) -> 1
B22: نيسكافيه و كابتشينو | D22: =C22/90000 -> 0 | E22: =IF(C22<>0,0,1) -> 1
B23: قهوة مكنة | D23: =C23/90000 -> 0 | E23: =IF(C23<>0,0,1) -> 1
B24: لوازم أخرى | D24: =C24/90000 -> 0 | E24: =IF(C24<>0,0,1) -> 1
A25: لوازم | B25: كبيايات | D25: =C25/90000 -> 0 | E25: =IF(C25<>0,0,1) -> 1
B26: محارم | D26: =C26/90000 -> 0 | E26: =IF(C26<>0,0,1) -> 1
B27: مواد تنظيف | D27: =C27/90000 -> 0 | E27: =IF(C27<>0,0,1) -> 1
B28: مختلف | C28: 500000 | D28: =C28/90000 -> 5.5555556 | E28: =IF(C28<>0,0,1) -> 0
B29: مازوت | D29: =C29/90000 -> 0 | E29: =IF(C29<>0,0,1) -> 1
B30: صيانة | D30: =C30/90000 -> 0 | E30: =IF(C30<>0,0,1) -> 1
B31: اقتناء أصول | D31: =C31/90000 -> 0 | E31: =IF(C31<>0,0,1) -> 1
B32: سلف موظفين | C32: 1200000 | D32: =C32/90000 -> 13.333333 | E32: =IF(C32<>0,0,1) -> 0
B33: بنزين | D33: =C33/90000 -> 0 | E33: =IF(C33<>0,0,1) -> 1
B34: نقل | C34: 200000 | D34: =C34/90000 -> 2.2222222 | E34: =IF(C34<>0,0,1) -> 0
B35: رواتب | C35: =162*90000 -> 14580000 | D35: =C35/90000 -> 162 | E35: =IF(C35<>0,0,1) -> 0
A37: اجمالي المصاريف | C37: =SUM(C13:C35) -> 16480000 | D37: =SUM(D13:D35) -> 183.11111
A38: الرصيد السابق | D38: ='27'!C42 -> 29022.61
A40: الرصيد الحالي | C40: =(C38+C11)-C37 -> -240000 | D40: =D38 -> 29022.61
B42: الرصيد $ | C42: =D40+(C40/90000) -> 29019.943
A43: ملاحظات

Sheet 29
A1: fun park | D1: الصفحة الرئيسية
A3: التاريخ
A5: الايراد | C5: ل ل | D5: $$ | E5: عدد
B6: اراكيل | C6: 840000 | D6: =C6/90000 -> 9.3333333 | E6: 3
B7: مشروبات | C7: 1880000 | D7: =C7/90000 -> 20.888889 | E7: =E11-E6-E8-E9-E10 -> -7
B8: كريب | D8: =C8/90000 -> 0
B9: العاب | C9: 950000 | D9: =C9/90000 -> 10.555556 | E9: 4
B10: مختلف | D10: =C10/90000 -> 0
B11: الاجمالي | C11: =SUM(C6:C10) -> 3670000 | D11: =SUM(D6:D10) -> 40.777778 | G11: =3670000-C11 -> 0
A12: المصاريف | C12: ل ل | D12: $ | E12: تصفيه
A13: اراكيل | B13: معسل | D13: =C13/90000 -> 0 | E13: =IF(C13<>0,0,1) -> 1
B14: فحم | D14: =C14/90000 -> 0 | E14: =IF(C14<>0,0,1) -> 1
B15: نرابيج و لوازم | C15: =26*90000 -> 2340000 | D15: =C15/90000 -> 26 | E15: =IF(C15<>0,0,1) -> 0
A16: عصائر | B16: فواكهة | D16: =C16/90000 -> 0 | E16: =IF(C16<>0,0,1) -> 1
B17: عسل | D17: =C17/90000 -> 0 | E17: =IF(C17<>0,0,1) -> 1
B18: نسلة | D18: =C18/90000 -> 0 | E18: =IF(C18<>0,0,1) -> 1
B19: شوكولا | D19: =C19/90000 -> 0 | E19: =IF(C19<>0,0,1) -> 1
B20: حليب | D20: =C20/90000 -> 0 | E20: =IF(C20<>0,0,1) -> 1
B21: مشروبات غازية | D21: =C21/90000 -> 0 | E21: =IF(C21<>0,0,1) -> 1
B22: نيسكافيه و كابتشينو | D22: =C22/90000 -> 0 | E22: =IF(C22<>0,0,1) -> 1
B23: قهوة مكنة | D23: =C23/90000 -> 0 | E23: =IF(C23<>0,0,1) -> 1
B24: لوازم أخرى | D24: =C24/90000 -> 0 | E24: =IF(C24<>0,0,1) -> 1
A25: لوازم | B25: كبيايات | D25: =C25/90000 -> 0 | E25: =IF(C25<>0,0,1) -> 1
B26: محارم | D26: =C26/90000 -> 0 | E26: =IF(C26<>0,0,1) -> 1
B27: مواد تنظيف | D27: =C27/90000 -> 0 | E27: =IF(C27<>0,0,1) -> 1
B28: مختلف | D28: =C28/90000 -> 0 | E28: =IF(C28<>0,0,1) -> 1
B29: مازوت | D29: =C29/90000 -> 0 | E29: =IF(C29<>0,0,1) -> 1
B30: صيانة | D30: =C30/90000 -> 0 | E30: =IF(C30<>0,0,1) -> 1
B31: اقتناء أصول | C31: =210*90000 -> 18900000 | D31: =C31/90000 -> 210 | E31: =IF(C31<>0,0,1) -> 0
B32: سلف موظفين | C32: 100000 | D32: =C32/90000 -> 1.1111111 | E32: =IF(C32<>0,0,1) -> 0
B33: بنزين | D33: =C33/90000 -> 0 | E33: =IF(C33<>0,0,1) -> 1
B34: نقل | C34: 200000 | D34: =C34/90000 -> 2.2222222 | E34: =IF(C34<>0,0,1) -> 0
B35: رواتب | D35: =C35/90000 -> 0 | E35: =IF(C35<>0,0,1) -> 1
A37: اجمالي المصاريف | C37: =SUM(C13:C35) -> 21540000 | D37: =SUM(D13:D35) -> 239.33333
A38: الرصيد السابق | D38: ='28'!C42 -> 29019.943
A40: الرصيد الحالي | C40: =(C38+C11)-C37 -> -17870000 | D40: =D38 -> 29019.943
B42: الرصيد $ | C42: =D40+(C40/90000) -> 28821.387
A43: ملاحظات

Sheet 30
A1: fun park | D1: الصفحة الرئيسية
A3: التاريخ
A5: الايراد | C5: ل ل | D5: $$ | E5: عدد
B6: اراكيل | C6: 2340000 | D6: =C6/90000 -> 26 | E6: 8
B7: مشروبات | C7: 9230000 | D7: =C7/90000 -> 102.55556 | E7: =E11-E6-E8-E9-E10 -> 42
B8: كريب | C8: 1900000 | D8: =C8/90000 -> 21.111111 | E8: 6
B9: العاب | C9: 7100000 | D9: =C9/90000 -> 78.888889 | E9: 35
B10: مختلف | D10: =C10/90000 -> 0
B11: الاجمالي | C11: =SUM(C6:C10) -> 20570000 | D11: =SUM(D6:D10) -> 228.55556 | E11: 91 | G11: =20570000-C11 -> 0
A12: المصاريف | C12: ل ل | D12: $ | E12: تصفيه
A13: اراكيل | B13: معسل | C13: 2250000 | D13: =C13/90000 -> 25 | E13: =IF(C13<>0,0,1) -> 0
B14: فحم | D14: =C14/90000 -> 0 | E14: =IF(C14<>0,0,1) -> 1
B15: نرابيج و لوازم | D15: =C15/90000 -> 0 | E15: =IF(C15<>0,0,1) -> 1
A16: عصائر | B16: فواكهة | D16: =C16/90000 -> 0 | E16: =IF(C16<>0,0,1) -> 1
B17: عسل | D17: =C17/90000 -> 0 | E17: =IF(C17<>0,0,1) -> 1
B18: نسلة | D18: =C18/90000 -> 0 | E18: =IF(C18<>0,0,1) -> 1
B19: شوكولا | D19: =C19/90000 -> 0 | E19: =IF(C19<>0,0,1) -> 1
B20: حليب | D20: =C20/90000 -> 0 | E20: =IF(C20<>0,0,1) -> 1
B21: مشروبات غازية | D21: =C21/90000 -> 0 | E21: =IF(C21<>0,0,1) -> 1
B22: نيسكافيه و كابتشينو | C22: 1800000 | D22: =C22/90000 -> 20 | E22: =IF(C22<>0,0,1) -> 0
B23: قهوة مكنة | D23: =C23/90000 -> 0 | E23: =IF(C23<>0,0,1) -> 1
B24: لوازم أخرى | D24: =C24/90000 -> 0 | E24: =IF(C24<>0,0,1) -> 1
A25: لوازم | B25: كبيايات | D25: =C25/90000 -> 0 | E25: =IF(C25<>0,0,1) -> 1
B26: محارم | D26: =C26/90000 -> 0 | E26: =IF(C26<>0,0,1) -> 1
B27: مواد تنظيف | D27: =C27/90000 -> 0 | E27: =IF(C27<>0,0,1) -> 1
B28: مختلف | D28: =C28/90000 -> 0 | E28: =IF(C28<>0,0,1) -> 1
B29: مازوت | D29: =C29/90000 -> 0 | E29: =IF(C29<>0,0,1) -> 1
B30: صيانة | D30: =C30/90000 -> 0 | E30: =IF(C30<>0,0,1) -> 1
B31: اقتناء أصول | D31: =C31/90000 -> 0 | E31: =IF(C31<>0,0,1) -> 1
B32: سلف موظفين | C32: =4500000+500000 -> 5000000 | D32: =C32/90000 -> 55.555556 | E32: =IF(C32<>0,0,1) -> 0
B33: بنزين | D33: =C33/90000 -> 0 | E33: =IF(C33<>0,0,1) -> 1
B34: نقل | C34: 200000 | D34: =C34/90000 -> 2.2222222 | E34: =IF(C34<>0,0,1) -> 0
B35: رواتب | D35: =C35/90000 -> 0 | E35: =IF(C35<>0,0,1) -> 1
A37: اجمالي المصاريف | C37: =SUM(C13:C35) -> 9250000 | D37: =SUM(D13:D35) -> 102.77778
A38: الرصيد السابق | D38: ='29'!C42 -> 28821.387
A40: الرصيد الحالي | C40: =(C38+C11)-C37 -> 11320000 | D40: =D38 -> 28821.387
B42: الرصيد $ | C42: =D40+(C40/90000) -> 28947.165
A43: ملاحظات

Sheet 31
A1: fun park | D1: الصفحة الرئيسية
A3: التاريخ
A5: الايراد | C5: ل ل | D5: $$ | E5: عدد
B6: اراكيل | C6: 4850000 | D6: =C6/90000 -> 53.888889 | E6: 17
B7: مشروبات | C7: 18100000 | D7: =C7/90000 -> 201.11111 | E7: =E11-E6-E8-E9-E10 -> 92
B8: كريب | C8: =4390000+2480000 -> 6870000 | D8: =C8/90000 -> 76.333333 | E8: 21
B9: العاب | C9: 9850000 | D9: =C9/90000 -> 109.44444 | E9: 43
B10: مختلف | C10: =(990+120)*90000+440000 -> 100340000 | D10: =C10/90000 -> 1114.8889 | E10: 3
B11: الاجمالي | C11: =SUM(C6:C10) -> 140010000 | D11: =SUM(D6:D10) -> 1555.6667 | E11: 176 | G11: =40110000-C11 -> -99900000
A12: المصاريف | C12: ل ل | D12: $ | E12: تصفيه
A13: اراكيل | B13: معسل | D13: =C13/90000 -> 0 | E13: =IF(C13<>0,0,1) -> 1
B14: فحم | D14: =C14/90000 -> 0 | E14: =IF(C14<>0,0,1) -> 1
B15: نرابيج و لوازم | D15: =C15/90000 -> 0 | E15: =IF(C15<>0,0,1) -> 1
A16: عصائر | B16: فواكهة | D16: =C16/90000 -> 0 | E16: =IF(C16<>0,0,1) -> 1
B17: عسل | D17: =C17/90000 -> 0 | E17: =IF(C17<>0,0,1) -> 1
B18: نسلة | D18: =C18/90000 -> 0 | E18: =IF(C18<>0,0,1) -> 1
B19: شوكولا | D19: =C19/90000 -> 0 | E19: =IF(C19<>0,0,1) -> 1
B20: حليب | D20: =C20/90000 -> 0 | E20: =IF(C20<>0,0,1) -> 1
B21: مشروبات غازية | D21: =C21/90000 -> 0 | E21: =IF(C21<>0,0,1) -> 1
B22: نيسكافيه و كابتشينو | D22: =C22/90000 -> 0 | E22: =IF(C22<>0,0,1) -> 1
B23: قهوة مكنة | D23: =C23/90000 -> 0 | E23: =IF(C23<>0,0,1) -> 1
B24: لوازم أخرى | D24: =C24/90000 -> 0 | E24: =IF(C24<>0,0,1) -> 1
A25: لوازم | B25: كبيايات | D25: =C25/90000 -> 0 | E25: =IF(C25<>0,0,1) -> 1
B26: محارم | D26: =C26/90000 -> 0 | E26: =IF(C26<>0,0,1) -> 1
B27: مواد تنظيف | D27: =C27/90000 -> 0 | E27: =IF(C27<>0,0,1) -> 1
B28: مختلف | D28: =C28/90000 -> 0 | E28: =IF(C28<>0,0,1) -> 1
B29: مازوت | D29: =C29/90000 -> 0 | E29: =IF(C29<>0,0,1) -> 1
B30: صيانة | D30: =C30/90000 -> 0 | E30: =IF(C30<>0,0,1) -> 1
B31: اقتناء أصول | D31: =C31/90000 -> 0 | E31: =IF(C31<>0,0,1) -> 1
B32: سلف موظفين | C32: =(150*90000)+400000 -> 13900000 | D32: =C32/90000 -> 154.44444 | E32: =IF(C32<>0,0,1) -> 0
B33: بنزين | D33: =C33/90000 -> 0 | E33: =IF(C33<>0,0,1) -> 1
B34: نقل | C34: 200000 | D34: =C34/90000 -> 2.2222222 | E34: =IF(C34<>0,0,1) -> 0
B35: رواتب | D35: =C35/90000 -> 0 | E35: =IF(C35<>0,0,1) -> 1
A37: اجمالي المصاريف | C37: =SUM(C13:C35) -> 14100000 | D37: =SUM(D13:D35) -> 156.66667
A38: الرصيد السابق | D38: ='30'!C42 -> 28947.165
A40: الرصيد الحالي | C40: =(C38+C11)-C37 -> 125910000 | D40: =D38 -> 28947.165
B42: الرصيد $ | C42: =D40+(C40/90000) -> 30346.165
A43: ملاحظات
A44: قبض من world vision 990$
A45: ثمن محولات 120$

Sheet ايام
A1: fun park | C1: الصفحة الرئيسية
A4: الايراد | C4: 1 | D4: 2 | E4: 3 | F4: 4 | G4: 5 | H4: 6 | I4: 7 | J4: 8 | K4: 9 | L4: 10 | M4: 11 | N4: 12 | O4: 13 | P4: 14 | Q4: 15 | R4: 16 | S4: 17 | T4: 18 | U4: 19 | V4: 20 | W4: 21 | X4: 22 | Y4: 23 | Z4: 24 | AA4: 25 | AB4: 26 | AC4: 27 | AD4: 28 | AE4: 29 | AF4: 30 | AG4: 31 | AI4: المجاميع
B5: اراكيل | C5: ='1'!D6 -> 79.444444 | D5: ='2'!D6 -> 76.222222 | E5: ='3'!D6 -> 90.333333 | F5: ='4'!D6 -> 84.777778 | G5: ='5'!D6 -> 87.333333 | H5: =' 6'!D6 -> 13.333333 | I5: ='7'!D6 -> 6.6666667 | J5: ='8'!D6 -> 23.333333 | K5: ='9'!D6 -> 10 | L5: ='10'!D6 -> 56.666667 | M5: ='11'!D6 -> 59.444444 | N5: ='12'!D6 -> 32.666667 | O5: ='13'!D6 -> 16.666667 | P5: ='14'!D6 -> 23.333333 | Q5: ='15'!D6 -> 36.666667 | R5: ='16'!D6 -> 33.333333 | S5: ='17'!D6 -> 74 | T5: ='18'!D6 -> 68.111111 | U5: ='19'!D6 -> 66.111111 | V5: ='20'!D6 -> 20 | W5: ='21'!D6 -> 35.555556 | X5: ='22'!D6 -> 45.666667 | Y5: ='23'!D6 -> 33.777778 | Z5: ='24'!D6 -> 64.888889 | AA5: ='25'!D6 -> 50.888889 | AB5: ='26'!D6 -> 212.77778 | AC5: ='27'!D6 -> 13.333333 | AD5: ='28'!D6 -> 19.333333 | AE5: ='29'!D6 -> 9.3333333 | AF5: ='30'!D6 -> 26 | AG5: ='31'!D6 -> 53.888889 | AI5: =SUM(C5:AG5) -> 1523.8889
B6: مشروبات | C6: ='1'!D7 -> 197.11111 | D6: ='2'!D7 -> 264.22222 | E6: ='3'!D7 -> 302.22222 | F6: ='4'!D7 -> 329.77778 | G6: ='5'!D7 -> 270.66667 | H6: =' 6'!D7 -> 116 | I6: ='7'!D7 -> 56.333333 | J6: ='8'!D7 -> 156.88889 | K6: ='9'!D7 -> 18.333333 | L6: ='10'!D7 -> 198.11111 | M6: ='11'!D7 -> 179.55556 | N6: ='12'!D7 -> 153.11111 | O6: ='13'!D7 -> 53.444444 | P6: ='14'!D7 -> 50.111111 | Q6: ='15'!D7 -> 121 | R6: ='16'!D7 -> 134.55556 | S6: ='17'!D7 -> 246.44444 | T6: ='18'!D7 -> 225 | U6: ='19'!D7 -> 140.55556 | V6: ='20'!D7 -> 32.222222 | W6: ='21'!D7 -> 112.77778 | X6: ='22'!D7 -> 112.22222 | Y6: ='23'!D7 -> 80.111111 | Z6: ='24'!D7 -> 195.33333 | AA6: ='25'!D7 -> 242.44444 | AB6: ='26'!D7 -> 568.44444 | AC6: ='27'!D7 -> 118 | AD6: ='28'!D7 -> 77.222222 | AE6: ='29'!D7 -> 20.888889 | AF6: ='30'!D7 -> 102.55556 | AG6: ='31'!D7 -> 201.11111 | AI6: =SUM(C6:AG6) -> 5076.7778
B7: كريب | C7: ='1'!D8 -> 52.444444 | D7: ='2'!D8 -> 25.222222 | E7: ='3'!D8 -> 56.555556 | F7: ='4'!D8 -> 55.111111 | G7: ='5'!D8 -> 43.111111 | H7: =' 6'!D8 -> 7.3333333 | I7: ='7'!D8 -> 21.111111 | J7: ='8'!D8 -> 17.888889 | K7: ='9'!D8 -> 0 | L7: ='10'!D8 -> 13.888889 | M7: ='11'!D8 -> 54.333333 | N7: ='12'!D8 -> 25.111111 | O7: ='13'!D8 -> 19.888889 | P7: ='14'!D8 -> 31.666667 | Q7: ='15'!D8 -> 21.555556 | R7: ='16'!D8 -> 46.444444 | S7: ='17'!D8 -> 64.222222 | T7: ='18'!D8 -> 19.222222 | U7: ='19'!D8 -> 50.111111 | V7: ='20'!D8 -> 3.5555556 | W7: ='21'!D8 -> 22.888889 | X7: ='22'!D8 -> 14.111111 | Y7: ='23'!D8 -> 43.555556 | Z7: ='24'!D8 -> 76.111111 | AA7: ='25'!D8 -> 97 | AB7: ='26'!D8 -> 175.77778 | AC7: ='27'!D8 -> 6.8888889 | AD7: ='28'!D8 -> 17.777778 | AE7: ='29'!D8 -> 0 | AF7: ='30'!D8 -> 21.111111 | AG7: ='31'!D8 -> 76.333333 | AI7: =SUM(C7:AG7) -> 1180.3333
B8: العاب | C8: ='1'!D9 -> 70 | D8: ='2'!D9 -> 110 | E8: ='3'!D9 -> 130.55556 | F8: ='4'!D9 -> 107.22222 | G8: ='5'!D9 -> 99.444444 | H8: =' 6'!D9 -> 30.555556 | I8: ='7'!D9 -> 8.3333333 | J8: ='8'!D9 -> 52.777778 | K8: ='9'!D9 -> 8.3333333 | L8: ='10'!D9 -> 94.444444 | M8: ='11'!D9 -> 63.333333 | N8: ='12'!D9 -> 61.666667 | O8: ='13'!D9 -> 30.555556 | P8: ='14'!D9 -> 43.333333 | Q8: ='15'!D9 -> 36.111111 | R8: ='16'!D9 -> 48.888889 | S8: ='17'!D9 -> 161.11111 | T8: ='18'!D9 -> 91.111111 | U8: ='19'!D9 -> 72.777778 | V8: ='20'!D9 -> 11.666667 | W8: ='21'!D9 -> 25.555556 | X8: ='22'!D9 -> 16.666667 | Y8: ='23'!D9 -> 30.555556 | Z8: ='24'!D9 -> 142.77778 | AA8: ='25'!D9 -> 153.88889 | AB8: ='26'!D9 -> 132.77778 | AC8: ='27'!D9 -> 54.444444 | AD8: ='28'!D9 -> 62.777778 | AE8: ='29'!D9 -> 10.555556 | AF8: ='30'!D9 -> 78.888889 | AG8: ='31'!D9 -> 109.44444 | AI8: =SUM(C8:AG8) -> 2150.5556
B9: مختلف | C9: ='1'!D10 -> 1.6666667 | D9: ='2'!D10 -> 12.888889 | E9: ='3'!D10 -> 0 | F9: ='4'!D10 -> 0 | G9: ='5'!D10 -> 27.444444 | H9: =' 6'!D10 -> 0 | I9: ='7'!D10 -> 0 | J9: ='8'!D10 -> 1.6666667 | K9: ='9'!D10 -> 0 | L9: ='10'!D10 -> 9.3333333 | M9: ='11'!D10 -> 8.1111111 | N9: ='12'!D10 -> 13.111111 | O9: ='13'!D10 -> 1.6666667 | P9: ='14'!D10 -> 0 | Q9: ='15'!D10 -> 0 | R9: ='16'!D10 -> 1.6666667 | S9: ='17'!D10 -> 4.8888889 | T9: ='18'!D10 -> 0 | U9: ='19'!D10 -> 1.5555556 | V9: ='20'!D10 -> 0 | W9: ='21'!D10 -> 9.6666667 | X9: ='22'!D10 -> 0 | Y9: ='23'!D10 -> 3.3333333 | Z9: ='24'!D10 -> 0 | AA9: ='25'!D10 -> 3.3333333 | AB9: ='26'!D10 -> 11.666667 | AC9: ='27'!D10 -> 1.5555556 | AD9: ='28'!D10 -> 3.3333333 | AE9: ='29'!D10 -> 0 | AF9: ='30'!D10 -> 0 | AG9: ='31'!D10 -> 1114.8889 | AI9: =SUM(C9:AG9) -> 1231.7778
B10: الاجمالي | C10: ='1'!D11 -> 400.66667 | D10: ='2'!D11 -> 488.55556 | E10: ='3'!D11 -> 579.66667 | F10: ='4'!D11 -> 576.88889 | G10: ='5'!D11 -> 528 | H10: =' 6'!D11 -> 167.22222 | I10: ='7'!D11 -> 92.444444 | J10: ='8'!D11 -> 252.55556 | K10: ='9'!D11 -> 36.666667 | L10: ='10'!D11 -> 372.44444 | M10: ='11'!D11 -> 364.77778 | N10: ='12'!D11 -> 285.66667 | O10: ='13'!D11 -> 122.22222 | P10: ='14'!D11 -> 148.44444 | Q10: ='15'!D11 -> 215.33333 | R10: ='16'!D11 -> 264.88889 | S10: ='17'!D11 -> 550.66667 | T10: ='18'!D11 -> 403.44444 | U10: ='19'!D11 -> 331.11111 | V10: ='20'!D11 -> 67.444444 | W10: ='21'!D11 -> 206.44444 | X10: ='22'!D11 -> 188.66667 | Y10: ='23'!D11 -> 191.33333 | Z10: ='24'!D11 -> 479.11111 | AA10: ='25'!D11 -> 547.55556 | AB10: ='26'!D11 -> 1101.4444 | AC10: ='27'!D11 -> 194.22222 | AD10: ='28'!D11 -> 180.44444 | AE10: ='29'!D11 -> 40.777778 | AF10: ='30'!D11 -> 228.55556 | AG10: ='31'!D11 -> 1555.6667 | AI10: =SUM(C10:AG10) -> 11163.333
A11: المصاريف | C11: ='1'!D12 -> $ | D11: ='2'!D12 -> $ | E11: ='3'!D12 -> $ | F11: ='4'!D12 -> $ | G11: ='5'!D12 -> $ | H11: =' 6'!D12 -> $ | I11: ='7'!D12 -> $ | J11: ='8'!D12 -> $ | K11: ='9'!D12 -> $ | L11: ='10'!D12 -> $ | M11: ='11'!D12 -> $ | N11: ='12'!D12 -> $ | O11: ='13'!D12 -> $ | P11: ='14'!D12 -> $ | Q11: ='15'!D12 -> $ | R11: ='16'!D12 -> $ | S11: ='17'!D12 -> $ | T11: ='18'!D12 -> $ | U11: ='19'!D12 -> $ | V11: ='20'!D12 -> $ | W11: ='21'!D12 -> $ | X11: ='22'!D12 -> $ | Y11: ='23'!D12 -> $ | Z11: ='24'!D12 -> $ | AA11: ='25'!D12 -> $ | AB11: ='26'!D12 -> $ | AC11: ='27'!D12 -> $ | AD11: ='28'!D12 -> $ | AE11: ='29'!D12 -> $ | AF11: ='30'!D12 -> $ | AG11: ='31'!D12 -> $ | AH11: تصفيه | AI11: =SUM(C11:AG11) -> 0
A12: اراكيل | B12: معسل | C12: ='1'!D13 -> 0 | D12: ='2'!D13 -> 51 | E12: ='3'!D13 -> 0 | F12: ='4'!D13 -> 0 | G12: ='5'!D13 -> 0 | H12: =' 6'!D13 -> 0 | I12: ='7'!D13 -> 0 | J12: ='8'!D13 -> 0 | K12: ='9'!D13 -> 0 | L12: ='10'!D13 -> 47 | M12: ='11'!D13 -> 0 | N12: ='12'!D13 -> 0 | O12: ='13'!D13 -> 0 | P12: ='14'!D13 -> 0 | Q12: ='15'!D13 -> 0 | R12: ='16'!D13 -> 0 | S12: ='17'!D13 -> 0 | T12: ='18'!D13 -> 53 | U12: ='19'!D13 -> 0 | V12: ='20'!D13 -> 0 | W12: ='21'!D13 -> 0 | X12: ='22'!D13 -> 0 | Y12: ='23'!D13 -> 0 | Z12: ='24'!D13 -> 0 | AA12: ='25'!D13 -> 0 | AB12: ='26'!D13 -> 24.888889 | AC12: ='27'!D13 -> 0 | AD12: ='28'!D13 -> 0 | AE12: ='29'!D13 -> 0 | AF12: ='30'!D13 -> 25 | AG12: ='31'!D13 -> 0 | AH12: =IF(#REF!<>0,0,1) -> #REF! | AI12: =SUM(C12:AG12) -> 200.88889
B13: فحم | C13: ='1'!D14 -> 0 | D13: ='2'!D14 -> 0 | E13: ='3'!D14 -> 0 | F13: ='4'!D14 -> 0 | G13: ='5'!D14 -> 0 | H13: =' 6'!D14 -> 0 | I13: ='7'!D14 -> 0 | J13: ='8'!D14 -> 0 | K13: ='9'!D14 -> 0 | L13: ='10'!D14 -> 0 | M13: ='11'!D14 -> 0 | N13: ='12'!D14 -> 0 | O13: ='13'!D14 -> 0 | P13: ='14'!D14 -> 0 | Q13: ='15'!D14 -> 0 | R13: ='16'!D14 -> 0 | S13: ='17'!D14 -> 0 | T13: ='18'!D14 -> 595 | U13: ='19'!D14 -> 0 | V13: ='20'!D14 -> 0 | W13: ='21'!D14 -> 0 | X13: ='22'!D14 -> 0 | Y13: ='23'!D14 -> 0 | Z13: ='24'!D14 -> 0 | AA13: ='25'!D14 -> 0 | AB13: ='26'!D14 -> 0 | AC13: ='27'!D14 -> 0 | AD13: ='28'!D14 -> 0 | AE13: ='29'!D14 -> 0 | AF13: ='30'!D14 -> 0 | AG13: ='31'!D14 -> 0 | AH13: =IF(#REF!<>0,0,1) -> #REF! | AI13: =SUM(C13:AG13) -> 595
B14: نرابيج و لوازم | C14: ='1'!D15 -> 2.2222222 | D14: ='2'!D15 -> 0 | E14: ='3'!D15 -> 0 | F14: ='4'!D15 -> 0 | G14: ='5'!D15 -> 0 | H14: =' 6'!D15 -> 4.4444444 | I14: ='7'!D15 -> 0 | J14: ='8'!D15 -> 0 | K14: ='9'!D15 -> 0 | L14: ='10'!D15 -> 0 | M14: ='11'!D15 -> 0 | N14: ='12'!D15 -> 0 | O14: ='13'!D15 -> 0 | P14: ='14'!D15 -> 0 | Q14: ='15'!D15 -> 0 | R14: ='16'!D15 -> 0 | S14: ='17'!D15 -> 0 | T14: ='18'!D15 -> 0 | U14: ='19'!D15 -> 0 | V14: ='20'!D15 -> 0 | W14: ='21'!D15 -> 0 | X14: ='22'!D15 -> 0 | Y14: ='23'!D15 -> 20 | Z14: ='24'!D15 -> 0 | AA14: ='25'!D15 -> 5.5555556 | AB14: ='26'!D15 -> 0 | AC14: ='27'!D15 -> 0 | AD14: ='28'!D15 -> 0 | AE14: ='29'!D15 -> 26 | AF14: ='30'!D15 -> 0 | AG14: ='31'!D15 -> 0 | AH14: =IF(#REF!<>0,0,1) -> #REF! | AI14: =SUM(C14:AG14) -> 58.222222
A15: عصائر | B15: فواكهة | C15: ='1'!D16 -> 2.7777778 | D15: ='2'!D16 -> 17.777778 | E15: ='3'!D16 -> 0 | F15: ='4'!D16 -> 18.333333 | G15: ='5'!D16 -> 0 | H15: =' 6'!D16 -> 111.11111 | I15: ='7'!D16 -> 0 | J15: ='8'!D16 -> 0 | K15: ='9'!D16 -> 0 | L15: ='10'!D16 -> 5.5555556 | M15: ='11'!D16 -> 0 | N15: ='12'!D16 -> 8.8888889 | O15: ='13'!D16 -> 22.222222 | P15: ='14'!D16 -> 0 | Q15: ='15'!D16 -> 4.4444444 | R15: ='16'!D16 -> 0 | S15: ='17'!D16 -> 5.5555556 | T15: ='18'!D16 -> 18.888889 | U15: ='19'!D16 -> 3.3333333 | V15: ='20'!D16 -> 5.8888889 | W15: ='21'!D16 -> 0 | X15: ='22'!D16 -> 0 | Y15: ='23'!D16 -> 11.111111 | Z15: ='24'!D16 -> 0 | AA15: ='25'!D16 -> 0 | AB15: ='26'!D16 -> 0 | AC15: ='27'!D16 -> 2.2222222 | AD15: ='28'!D16 -> 0 | AE15: ='29'!D16 -> 0 | AF15: ='30'!D16 -> 0 | AG15: ='31'!D16 -> 0 | AH15: =IF(#REF!<>0,0,1) -> #REF! | AI15: =SUM(C15:AG15) -> 238.11111
B16: عسل | C16: ='1'!D17 -> 0 | D16: ='2'!D17 -> 0 | E16: ='3'!D17 -> 0 | F16: ='4'!D17 -> 0 | G16: ='5'!D17 -> 0 | H16: =' 6'!D17 -> 0 | I16: ='7'!D17 -> 145 | J16: ='8'!D17 -> 0 | K16: ='9'!D17 -> 0 | L16: ='10'!D17 -> 0 | M16: ='11'!D17 -> 0 | N16: ='12'!D17 -> 0 | O16: ='13'!D17 -> 0 | P16: ='14'!D17 -> 0 | Q16: ='15'!D17 -> 0 | R16: ='16'!D17 -> 20 | S16: ='17'!D17 -> 0 | T16: ='18'!D17 -> 0 | U16: ='19'!D17 -> 0 | V16: ='20'!D17 -> 14.444444 | W16: ='21'!D17 -> 0 | X16: ='22'!D17 -> 0 | Y16: ='23'!D17 -> 0 | Z16: ='24'!D17 -> 0 | AA16: ='25'!D17 -> 0 | AB16: ='26'!D17 -> 0 | AC16: ='27'!D17 -> 78 | AD16: ='28'!D17 -> 0 | AE16: ='29'!D17 -> 0 | AF16: ='30'!D17 -> 0 | AG16: ='31'!D17 -> 0 | AH16: =IF(#REF!<>0,0,1) -> #REF! | AI16: =SUM(C16:AG16) -> 257.44444
B17: نسلة | C17: ='1'!D18 -> 0 | D17: ='2'!D18 -> 0 | E17: ='3'!D18 -> 0 | F17: ='4'!D18 -> 0 | G17: ='5'!D18 -> 0 | H17: =' 6'!D18 -> 0 | I17: ='7'!D18 -> 0 | J17: ='8'!D18 -> 0 | K17: ='9'!D18 -> 0 | L17: ='10'!D18 -> 0 | M17: ='11'!D18 -> 0 | N17: ='12'!D18 -> 0 | O17: ='13'!D18 -> 0 | P17: ='14'!D18 -> 0 | Q17: ='15'!D18 -> 0 | R17: ='16'!D18 -> 0 | S17: ='17'!D18 -> 0 | T17: ='18'!D18 -> 0 | U17: ='19'!D18 -> 0 | V17: ='20'!D18 -> 0 | W17: ='21'!D18 -> 0 | X17: ='22'!D18 -> 0 | Y17: ='23'!D18 -> 0 | Z17: ='24'!D18 -> 0 | AA17: ='25'!D18 -> 0 | AB17: ='26'!D18 -> 0 | AC17: ='27'!D18 -> 0 | AD17: ='28'!D18 -> 0 | AE17: ='29'!D18 -> 0 | AF17: ='30'!D18 -> 0 | AG17: ='31'!D18 -> 0 | AH17: =IF(#REF!<>0,0,1) -> #REF! | AI17: =SUM(C17:AG17) -> 0
B18: شوكولا | C18: ='1'!D19 -> 0 | D18: ='2'!D19 -> 46 | E18: ='3'!D19 -> 0 | F18: ='4'!D19 -> 0 | G18: ='5'!D19 -> 29 | H18: =' 6'!D19 -> 0 | I18: ='7'!D19 -> 0 | J18: ='8'!D19 -> 0 | K18: ='9'!D19 -> 0 | L18: ='10'!D19 -> 55 | M18: ='11'!D19 -> 0 | N18: ='12'!D19 -> 10 | O18: ='13'!D19 -> 0 | P18: ='14'!D19 -> 0 | Q18: ='15'!D19 -> 0 | R18: ='16'!D19 -> 0 | S18: ='17'!D19 -> 0 | T18: ='18'!D19 -> 0 | U18: ='19'!D19 -> 108 | V18: ='20'!D19 -> 0 | W18: ='21'!D19 -> 11.888889 | X18: ='22'!D19 -> 0 | Y18: ='23'!D19 -> 0 | Z18: ='24'!D19 -> 0 | AA18: ='25'!D19 -> 18.888889 | AB18: ='26'!D19 -> 47 | AC18: ='27'!D19 -> 0 | AD18: ='28'!D19 -> 0 | AE18: ='29'!D19 -> 0 | AF18: ='30'!D19 -> 0 | AG18: ='31'!D19 -> 0 | AH18: =IF(#REF!<>0,0,1) -> #REF! | AI18: =SUM(C18:AG18) -> 325.77778
B19: حليب | C19: ='1'!D20 -> 0 | D19: ='2'!D20 -> 0 | E19: ='3'!D20 -> 0 | F19: ='4'!D20 -> 0 | G19: ='5'!D20 -> 0 | H19: =' 6'!D20 -> 0 | I19: ='7'!D20 -> 0 | J19: ='8'!D20 -> 0 | K19: ='9'!D20 -> 0 | L19: ='10'!D20 -> 0 | M19: ='11'!D20 -> 0 | N19: ='12'!D20 -> 0 | O19: ='13'!D20 -> 0 | P19: ='14'!D20 -> 0 | Q19: ='15'!D20 -> 0 | R19: ='16'!D20 -> 0 | S19: ='17'!D20 -> 0 | T19: ='18'!D20 -> 0 | U19: ='19'!D20 -> 0 | V19: ='20'!D20 -> 0 | W19: ='21'!D20 -> 0 | X19: ='22'!D20 -> 0 | Y19: ='23'!D20 -> 0 | Z19: ='24'!D20 -> 0 | AA19: ='25'!D20 -> 0 | AB19: ='26'!D20 -> 0 | AC19: ='27'!D20 -> 0 | AD19: ='28'!D20 -> 0 | AE19: ='29'!D20 -> 0 | AF19: ='30'!D20 -> 0 | AG19: ='31'!D20 -> 0 | AH19: =IF(#REF!<>0,0,1) -> #REF! | AI19: =SUM(C19:AG19) -> 0
B20: مشروبات غازية | C20: ='1'!D21 -> 0 | D20: ='2'!D21 -> 0 | E20: ='3'!D21 -> 0 | F20: ='4'!D21 -> 0 | G20: ='5'!D21 -> 0 | H20: =' 6'!D21 -> 159 | I20: ='7'!D21 -> 0 | J20: ='8'!D21 -> 0 | K20: ='9'!D21 -> 0 | L20: ='10'!D21 -> 0 | M20: ='11'!D21 -> 0 | N20: ='12'!D21 -> 0 | O20: ='13'!D21 -> 0 | P20: ='14'!D21 -> 0 | Q20: ='15'!D21 -> 18 | R20: ='16'!D21 -> 0 | S20: ='17'!D21 -> 0 | T20: ='18'!D21 -> 20 | U20: ='19'!D21 -> 0 | V20: ='20'!D21 -> 0 | W20: ='21'!D21 -> 0 | X20: ='22'!D21 -> 0 | Y20: ='23'!D21 -> 0 | Z20: ='24'!D21 -> 0 | AA20: ='25'!D21 -> 0 | AB20: ='26'!D21 -> 0 | AC20: ='27'!D21 -> 0 | AD20: ='28'!D21 -> 0 | AE20: ='29'!D21 -> 0 | AF20: ='30'!D21 -> 0 | AG20: ='31'!D21 -> 0 | AH20: =IF(#REF!<>0,0,1) -> #REF! | AI20: =SUM(C20:AG20) -> 197
B21: نيسكافيه و كابتشينو | C21: ='1'!D22 -> 0 | D21: ='2'!D22 -> 0 | E21: ='3'!D22 -> 0 | F21: ='4'!D22 -> 0 | G21: ='5'!D22 -> 0 | H21: =' 6'!D22 -> 0 | I21: ='7'!D22 -> 0 | J21: ='8'!D22 -> 0 | K21: ='9'!D22 -> 0 | L21: ='10'!D22 -> 0 | M21: ='11'!D22 -> 0 | N21: ='12'!D22 -> 0 | O21: ='13'!D22 -> 0 | P21: ='14'!D22 -> 0 | Q21: ='15'!D22 -> 0 | R21: ='16'!D22 -> 0 | S21: ='17'!D22 -> 0 | T21: ='18'!D22 -> 0 | U21: ='19'!D22 -> 0 | V21: ='20'!D22 -> 0 | W21: ='21'!D22 -> 0 | X21: ='22'!D22 -> 0 | Y21: ='23'!D22 -> 0 | Z21: ='24'!D22 -> 0 | AA21: ='25'!D22 -> 0 | AB21: ='26'!D22 -> 0 | AC21: ='27'!D22 -> 0 | AD21: ='28'!D22 -> 0 | AE21: ='29'!D22 -> 0 | AF21: ='30'!D22 -> 20 | AG21: ='31'!D22 -> 0 | AH21: =IF(#REF!<>0,0,1) -> #REF! | AI21: =SUM(C21:AG21) -> 20
B22: قهوة مكنة | C22: ='1'!D23 -> 0 | D22: ='2'!D23 -> 0 | E22: ='3'!D23 -> 0 | F22: ='4'!D23 -> 0 | G22: ='5'!D23 -> 0 | H22: =' 6'!D23 -> 0 | I22: ='7'!D23 -> 0 | J22: ='8'!D23 -> 0 | K22: ='9'!D23 -> 0 | L22: ='10'!D23 -> 0 | M22: ='11'!D23 -> 0 | N22: ='12'!D23 -> 0 | O22: ='13'!D23 -> 0 | P22: ='14'!D23 -> 0 | Q22: ='15'!D23 -> 0 | R22: ='16'!D23 -> 0 | S22: ='17'!D23 -> 0 | T22: ='18'!D23 -> 0 | U22: ='19'!D23 -> 0 | V22: ='20'!D23 -> 69 | W22: ='21'!D23 -> 0 | X22: ='22'!D23 -> 0 | Y22: ='23'!D23 -> 0 | Z22: ='24'!D23 -> 0 | AA22: ='25'!D23 -> 0 | AB22: ='26'!D23 -> 0 | AC22: ='27'!D23 -> 0 | AD22: ='28'!D23 -> 0 | AE22: ='29'!D23 -> 0 | AF22: ='30'!D23 -> 0 | AG22: ='31'!D23 -> 0 | AH22: =IF(#REF!<>0,0,1) -> #REF! | AI22: =SUM(C22:AG22) -> 69
B23: لوازم أخرى | C23: ='1'!D24 -> 0 | D23: ='2'!D24 -> 0 | E23: ='3'!D24 -> 0 | F23: ='4'!D24 -> 0 | G23: ='5'!D24 -> 0 | H23: =' 6'!D24 -> 0 | I23: ='7'!D24 -> 0 | J23: ='8'!D24 -> 0 | K23: ='9'!D24 -> 21.111111 | L23: ='10'!D24 -> 20 | M23: ='11'!D24 -> 0 | N23: ='12'!D24 -> 0 | O23: ='13'!D24 -> 0 | P23: ='14'!D24 -> 6.1111111 | Q23: ='15'!D24 -> 0 | R23: ='16'!D24 -> 0 | S23: ='17'!D24 -> 0 | T23: ='18'!D24 -> 0 | U23: ='19'!D24 -> 0 | V23: ='20'!D24 -> 0 | W23: ='21'!D24 -> 0 | X23: ='22'!D24 -> 0 | Y23: ='23'!D24 -> 21.1111 | Z23: ='24'!D24 -> 0 | AA23: ='25'!D24 -> 30 | AB23: ='26'!D24 -> 0 | AC23: ='27'!D24 -> 0 | AD23: ='28'!D24 -> 0 | AE23: ='29'!D24 -> 0 | AF23: ='30'!D24 -> 0 | AG23: ='31'!D24 -> 0 | AH23: =IF(#REF!<>0,0,1) -> #REF! | AI23: =SUM(C23:AG23) -> 98.333322
A24: لوازم | B24: كبيايات | C24: ='1'!D25 -> 0 | D24: ='2'!D25 -> 0 | E24: ='3'!D25 -> 0 | F24: ='4'!D25 -> 0 | G24: ='5'!D25 -> 0 | H24: =' 6'!D25 -> 0 | I24: ='7'!D25 -> 0 | J24: ='8'!D25 -> 0 | K24: ='9'!D25 -> 0 | L24: ='10'!D25 -> 0 | M24: ='11'!D25 -> 0 | N24: ='12'!D25 -> 0 | O24: ='13'!D25 -> 0 | P24: ='14'!D25 -> 0 | Q24: ='15'!D25 -> 0 | R24: ='16'!D25 -> 0 | S24: ='17'!D25 -> 0 | T24: ='18'!D25 -> 0 | U24: ='19'!D25 -> 0 | V24: ='20'!D25 -> 0 | W24: ='21'!D25 -> 0 | X24: ='22'!D25 -> 0 | Y24: ='23'!D25 -> 0 | Z24: ='24'!D25 -> 0 | AA24: ='25'!D25 -> 0 | AB24: ='26'!D25 -> 0 | AC24: ='27'!D25 -> 0 | AD24: ='28'!D25 -> 0 | AE24: ='29'!D25 -> 0 | AF24: ='30'!D25 -> 0 | AG24: ='31'!D25 -> 0 | AH24: =IF(#REF!<>0,0,1) -> #REF! | AI24: =SUM(C24:AG24) -> 0
B25: محارم | C25: ='1'!D26 -> 0 | D25: ='2'!D26 -> 0 | E25: ='3'!D26 -> 0 | F25: ='4'!D26 -> 0 | G25: ='5'!D26 -> 0 | H25: =' 6'!D26 -> 63 | I25: ='7'!D26 -> 0 | J25: ='8'!D26 -> 0 | K25: ='9'!D26 -> 0 | L25: ='10'!D26 -> 0 | M25: ='11'!D26 -> 0 | N25: ='12'!D26 -> 0 | O25: ='13'!D26 -> 0 | P25: ='14'!D26 -> 0 | Q25: ='15'!D26 -> 0 | R25: ='16'!D26 -> 0 | S25: ='17'!D26 -> 0 | T25: ='18'!D26 -> 3 | U25: ='19'!D26 -> 0 | V25: ='20'!D26 -> 0 | W25: ='21'!D26 -> 0 | X25: ='22'!D26 -> 0 | Y25: ='23'!D26 -> 0 | Z25: ='24'!D26 -> 0 | AA25: ='25'!D26 -> 0 | AB25: ='26'!D26 -> 0 | AC25: ='27'!D26 -> 0 | AD25: ='28'!D26 -> 0 | AE25: ='29'!D26 -> 0 | AF25: ='30'!D26 -> 0 | AG25: ='31'!D26 -> 0 | AH25: =IF(#REF!<>0,0,1) -> #REF! | AI25: =SUM(C25:AG25) -> 66
B26: مواد تنظيف | C26: ='1'!D27 -> 0 | D26: ='2'!D27 -> 0 | E26: ='3'!D27 -> 0 | F26: ='4'!D27 -> 0 | G26: ='5'!D27 -> 0 | H26: =' 6'!D27 -> 25.555556 | I26: ='7'!D27 -> 0 | J26: ='8'!D27 -> 0 | K26: ='9'!D27 -> 0 | L26: ='10'!D27 -> 0 | M26: ='11'!D27 -> 0 | N26: ='12'!D27 -> 0 | O26: ='13'!D27 -> 0 | P26: ='14'!D27 -> 10 | Q26: ='15'!D27 -> 0 | R26: ='16'!D27 -> 0 | S26: ='17'!D27 -> 0 | T26: ='18'!D27 -> 40 | U26: ='19'!D27 -> 0 | V26: ='20'!D27 -> 0 | W26: ='21'!D27 -> 0 | X26: ='22'!D27 -> 0 | Y26: ='23'!D27 -> 0 | Z26: ='24'!D27 -> 0 | AA26: ='25'!D27 -> 21.777778 | AB26: ='26'!D27 -> 0 | AC26: ='27'!D27 -> 0 | AD26: ='28'!D27 -> 0 | AE26: ='29'!D27 -> 0 | AF26: ='30'!D27 -> 0 | AG26: ='31'!D27 -> 0 | AH26: =IF(#REF!<>0,0,1) -> #REF! | AI26: =SUM(C26:AG26) -> 97.333333
B27: مختلف | C27: ='1'!D28 -> 30 | D27: ='2'!D28 -> 0 | E27: ='3'!D28 -> 0.88888889 | F27: ='4'!D28 -> 0 | G27: ='5'!D28 -> 0 | H27: =' 6'!D28 -> 0 | I27: ='7'!D28 -> 0 | J27: ='8'!D28 -> 104 | K27: ='9'!D28 -> 0 | L27: ='10'!D28 -> 0 | M27: ='11'!D28 -> 0 | N27: ='12'!D28 -> 7.4444444 | O27: ='13'!D28 -> 0 | P27: ='14'!D28 -> 0 | Q27: ='15'!D28 -> 0 | R27: ='16'!D28 -> 0 | S27: ='17'!D28 -> 0 | T27: ='18'!D28 -> 7.7777778 | U27: ='19'!D28 -> 0 | V27: ='20'!D28 -> 0 | W27: ='21'!D28 -> 0 | X27: ='22'!D28 -> 0 | Y27: ='23'!D28 -> 0.55555556 | Z27: ='24'!D28 -> 0 | AA27: ='25'!D28 -> 35 | AB27: ='26'!D28 -> 0 | AC27: ='27'!D28 -> 0 | AD27: ='28'!D28 -> 5.5555556 | AE27: ='29'!D28 -> 0 | AF27: ='30'!D28 -> 0 | AG27: ='31'!D28 -> 0 | AH27: =IF(#REF!<>0,0,1) -> #REF! | AI27: =SUM(C27:AG27) -> 191.22222
B28: مازوت | C28: ='1'!D29 -> 0 | D28: ='2'!D29 -> 0 | E28: ='3'!D29 -> 0 | F28: ='4'!D29 -> 0 | G28: ='5'!D29 -> 0 | H28: =' 6'!D29 -> 0 | I28: ='7'!D29 -> 0 | J28: ='8'!D29 -> 0 | K28: ='9'!D29 -> 0 | L28: ='10'!D29 -> 0 | M28: ='11'!D29 -> 0 | N28: ='12'!D29 -> 0 | O28: ='13'!D29 -> 0 | P28: ='14'!D29 -> 0 | Q28: ='15'!D29 -> 0 | R28: ='16'!D29 -> 0 | S28: ='17'!D29 -> 0 | T28: ='18'!D29 -> 0 | U28: ='19'!D29 -> 0 | V28: ='20'!D29 -> 0 | W28: ='21'!D29 -> 0 | X28: ='22'!D29 -> 0 | Y28: ='23'!D29 -> 0 | Z28: ='24'!D29 -> 0 | AA28: ='25'!D29 -> 0 | AB28: ='26'!D29 -> 0 | AC28: ='27'!D29 -> 0 | AD28: ='28'!D29 -> 0 | AE28: ='29'!D29 -> 0 | AF28: ='30'!D29 -> 0 | AG28: ='31'!D29 -> 0 | AH28: =IF(#REF!<>0,0,1) -> #REF! | AI28: =SUM(C28:AG28) -> 0
B29: صيانة | C29: ='1'!D30 -> 3.8888889 | D29: ='2'!D30 -> 30 | E29: ='3'!D30 -> 0 | F29: ='4'!D30 -> 90 | G29: ='5'!D30 -> 0 | H29: =' 6'!D30 -> 45 | I29: ='7'!D30 -> 0 | J29: ='8'!D30 -> 0 | K29: ='9'!D30 -> 0 | L29: ='10'!D30 -> 15 | M29: ='11'!D30 -> 0 | N29: ='12'!D30 -> 10 | O29: ='13'!D30 -> 0 | P29: ='14'!D30 -> 24 | Q29: ='15'!D30 -> 0 | R29: ='16'!D30 -> 100 | S29: ='17'!D30 -> 0 | T29: ='18'!D30 -> 0 | U29: ='19'!D30 -> 223 | V29: ='20'!D30 -> 0 | W29: ='21'!D30 -> 5 | X29: ='22'!D30 -> 0 | Y29: ='23'!D30 -> 70 | Z29: ='24'!D30 -> 0 | AA29: ='25'!D30 -> 20 | AB29: ='26'!D30 -> 0 | AC29: ='27'!D30 -> 0 | AD29: ='28'!D30 -> 0 | AE29: ='29'!D30 -> 0 | AF29: ='30'!D30 -> 0 | AG29: ='31'!D30 -> 0 | AH29: =IF(#REF!<>0,0,1) -> #REF! | AI29: =SUM(C29:AG29) -> 635.88889
B30: اقتناء أصول | C30: ='1'!D31 -> 0 | D30: ='2'!D31 -> 0 | E30: ='3'!D31 -> 0 | F30: ='4'!D31 -> 0 | G30: ='5'!D31 -> 0 | H30: =' 6'!D31 -> 0 | I30: ='7'!D31 -> 2615 | J30: ='8'!D31 -> 5500 | K30: ='9'!D31 -> 100 | L30: ='10'!D31 -> 400 | M30: ='11'!D31 -> 0 | N30: ='12'!D31 -> 80 | O30: ='13'!D31 -> 0 | P30: ='14'!D31 -> 186 | Q30: ='15'!D31 -> 0 | R30: ='16'!D31 -> 220 | S30: ='17'!D31 -> 0 | T30: ='18'!D31 -> 75 | U30: ='19'!D31 -> 0 | V30: ='20'!D31 -> 0 | W30: ='21'!D31 -> 0 | X30: ='22'!D31 -> 270 | Y30: ='23'!D31 -> 0 | Z30: ='24'!D31 -> 0 | AA30: ='25'!D31 -> 0 | AB30: ='26'!D31 -> 0 | AC30: ='27'!D31 -> 0 | AD30: ='28'!D31 -> 0 | AE30: ='29'!D31 -> 210 | AF30: ='30'!D31 -> 0 | AG30: ='31'!D31 -> 0 | AH30: =IF(#REF!<>0,0,1) -> #REF! | AI30: =SUM(C30:AG30) -> 9656
B31: سلف موظفين | C31: ='1'!D32 -> 8.3333333 | D31: ='2'!D32 -> 22.222222 | E31: ='3'!D32 -> 15.111111 | F31: ='4'!D32 -> 2.2222222 | G31: ='5'!D32 -> 3.8888889 | H31: =' 6'!D32 -> 3.1111111 | I31: ='7'!D32 -> 1.1111111 | J31: ='8'!D32 -> 0 | K31: ='9'!D32 -> 0 | L31: ='10'!D32 -> 16.333333 | M31: ='11'!D32 -> 1.1111111 | N31: ='12'!D32 -> 11.111111 | O31: ='13'!D32 -> 0 | P31: ='14'!D32 -> 1.1111111 | Q31: ='15'!D32 -> 2.2222222 | R31: ='16'!D32 -> 4.4444444 | S31: ='17'!D32 -> 0 | T31: ='18'!D32 -> 24.444444 | U31: ='19'!D32 -> 5 | V31: ='20'!D32 -> 12.777778 | W31: ='21'!D32 -> 23.333333 | X31: ='22'!D32 -> 4.4444444 | Y31: ='23'!D32 -> 4.4444444 | Z31: ='24'!D32 -> 11.555556 | AA31: ='25'!D32 -> 1.1111111 | AB31: ='26'!D32 -> 7.7777778 | AC31: ='27'!D32 -> 0 | AD31: ='28'!D32 -> 13.333333 | AE31: ='29'!D32 -> 1.1111111 | AF31: ='30'!D32 -> 55.555556 | AG31: ='31'!D32 -> 154.44444 | AH31: =IF(#REF!<>0,0,1) -> #REF! | AI31: =SUM(C31:AG31) -> 411.66667
B32: بنزين | C32: ='1'!D33 -> 0 | D32: ='2'!D33 -> 0 | E32: ='3'!D33 -> 0 | F32: ='4'!D33 -> 0 | G32: ='5'!D33 -> 0 | H32: =' 6'!D33 -> 0 | I32: ='7'!D33 -> 0 | J32: ='8'!D33 -> 0 | K32: ='9'!D33 -> 0 | L32: ='10'!D33 -> 0 | M32: ='11'!D33 -> 0 | N32: ='12'!D33 -> 0 | O32: ='13'!D33 -> 0 | P32: ='14'!D33 -> 0 | Q32: ='15'!D33 -> 0 | R32: ='16'!D33 -> 0 | S32: ='17'!D33 -> 0 | T32: ='18'!D33 -> 0 | U32: ='19'!D33 -> 0 | V32: ='20'!D33 -> 0 | W32: ='21'!D33 -> 0 | X32: ='22'!D33 -> 0 | Y32: ='23'!D33 -> 0 | Z32: ='24'!D33 -> 0 | AA32: ='25'!D33 -> 0 | AB32: ='26'!D33 -> 0 | AC32: ='27'!D33 -> 0 | AD32: ='28'!D33 -> 0 | AE32: ='29'!D33 -> 0 | AF32: ='30'!D33 -> 0 | AG32: ='31'!D33 -> 0 | AH32: =IF(#REF!<>0,0,1) -> #REF! | AI32: =SUM(C32:AG32) -> 0
B33: نقل | C33: ='1'!D34 -> 2.2222222 | D33: ='2'!D34 -> 0 | E33: ='3'!D34 -> 2.2222222 | F33: ='4'!D34 -> 2.2222222 | G33: ='5'!D34 -> 2.2222222 | H33: =' 6'!D34 -> 2.2222222 | I33: ='7'!D34 -> 2.2222222 | J33: ='8'!D34 -> 2.2222222 | K33: ='9'!D34 -> 2.2222222 | L33: ='10'!D34 -> 2.2222222 | M33: ='11'!D34 -> 2.2222222 | N33: ='12'!D34 -> 2.2222222 | O33: ='13'!D34 -> 2.2222222 | P33: ='14'!D34 -> 2.2222222 | Q33: ='15'!D34 -> 2.2222222 | R33: ='16'!D34 -> 2.2222222 | S33: ='17'!D34 -> 2.2222222 | T33: ='18'!D34 -> 2.2222222 | U33: ='19'!D34 -> 2.2222222 | V33: ='20'!D34 -> 2.2222222 | W33: ='21'!D34 -> 2.2222222 | X33: ='22'!D34 -> 2.2222222 | Y33: ='23'!D34 -> 2.2222222 | Z33: ='24'!D34 -> 2.2222222 | AA33: ='25'!D34 -> 2.2222222 | AB33: ='26'!D34 -> 2.2222222 | AC33: ='27'!D34 -> 2.2222222 | AD33: ='28'!D34 -> 2.2222222 | AE33: ='29'!D34 -> 2.2222222 | AF33: ='30'!D34 -> 2.2222222 | AG33: ='31'!D34 -> 2.2222222 | AH33: =IF(#REF!<>0,0,1) -> #REF! | AI33: =SUM(C33:AG33) -> 66.666667
B34: رواتب | C34: ='1'!D35 -> 2851.3333 | D34: ='2'!D35 -> 0 | E34: ='3'!D35 -> 5.5555556 | F34: ='4'!D35 -> 0 | G34: ='5'!D35 -> 0 | H34: =' 6'!D35 -> 20 | I34: ='7'!D35 -> 0 | J34: ='8'!D35 -> 0 | K34: ='9'!D35 -> 0 | L34: ='10'!D35 -> 0 | M34: ='11'!D35 -> 0 | N34: ='12'!D35 -> 220 | O34: ='13'!D35 -> 0 | P34: ='14'!D35 -> 0 | Q34: ='15'!D35 -> 0 | R34: ='16'!D35 -> 0 | S34: ='17'!D35 -> 0 | T34: ='18'!D35 -> 0 | U34: ='19'!D35 -> 0 | V34: ='20'!D35 -> 0 | W34: ='21'!D35 -> 0 | X34: ='22'!D35 -> 0 | Y34: ='23'!D35 -> 0 | Z34: ='24'!D35 -> 0 | AA34: ='25'!D35 -> 0 | AB34: ='26'!D35 -> 6.6666667 | AC34: ='27'!D35 -> 0 | AD34: ='28'!D35 -> 162 | AE34: ='29'!D35 -> 0 | AF34: ='30'!D35 -> 0 | AG34: ='31'!D35 -> 0 | AH34: =IF(#REF!<>0,0,1) -> #REF! | AI34: =SUM(C34:AG34) -> 3265.5556
A36: اجمالي المصاريف | C36: =SUM(C12:C34) -> 2900.7778 | D36: =SUM(D12:D34) -> 167 | E36: =SUM(E12:E34) -> 23.777778 | F36: =SUM(F12:F34) -> 112.77778 | G36: =SUM(G12:G34) -> 35.111111 | H36: =SUM(H12:H34) -> 433.44444 | I36: =SUM(I12:I34) -> 2763.3333 | J36: =SUM(J12:J34) -> 5606.2222 | ... AG36: =SUM(AG12:AG34) -> 156.66667 | AI36: =SUM(C36:AG36) -> 16450.111
C38: =C10-C36 -> -2500.1111 | D38: =D10-D36 -> 321.55556 | E38: =E10-E36 -> 555.88889 | F38: =F10-F36 -> 464.11111 | G38: =G10-G36 -> 492.88889 | H38: =H10-H36 -> -266.22222 | I38: =I10-I36 -> -2670.8889 | J38: =J10-J36 -> -5353.6667 | ... AG38: =AG10-AG36 -> 1399 | AI38: =AI36-AI10 -> 5286.7778
C40: =C10*90000 -> 36060000 | D40: =D10*90000 -> 43970000 | E40: =E10*90000 -> 52170000 | F40: =F10*90000 -> 51920000 | G40: =G10*90000 -> 47520000 | H40: =H10*90000 -> 15050000 | I40: =I10*90000 -> 8320000 | J40: =J10*90000 -> 22730000 | ... AG40: =AG10*90000 -> 140010000 | AI40: =AI30-AI38 -> 4369.2222
C42: =C31*90000 -> 750000 | D42: =D31*90000 -> 2000000 | E42: =E31*90000 -> 1360000 | F42: =F31*90000 -> 200000 | G42: =G31*90000 -> 350000 | H42: =H31*90000 -> 280000 | I42: =I31*90000 -> 100000 | J42: =J31*90000 -> 0 | ... AG42: =AG31*90000 -> 13900000

Sheet كميات
A1: fun park | C1: الصفحة الرئيسية
A4: الايراد | C4: 1 | D4: 2 | E4: 3 | F4: 4 | G4: 5 | H4: 6 | I4: 7 | J4: 8 | K4: 9 | L4: 10 | M4: 11 | N4: 12 | O4: 13 | P4: 14 | Q4: 15 | R4: 16 | S4: 17 | T4: 18 | U4: 19 | V4: 20 | W4: 21 | X4: 22 | Y4: 23 | Z4: 24 | AA4: 25 | AB4: 26 | AC4: 27 | AD4: 28 | AE4: 29 | AF4: 30 | AG4: 31 | AI4: المجاميع
B5: اراكيل | C5: ='1'!E6 -> 26 | D5: ='2'!E6 -> 24 | E5: ='3'!E6 -> 28 | F5: ='4'!E6 -> 26 | G5: ='5'!E6 -> 27 | H5: =' 6'!E6 -> 4 | I5: ='7'!E6 -> 2 | J5: ='8'!E6 -> 7 | K5: ='9'!E6 -> 3 | L5: ='10'!E6 -> 17 | M5: ='11'!E6 -> 18 | N5: ='12'!E6 -> 10 | O5: ='13'!E6 -> 5 | P5: ='14'!E6 -> 7 | Q5: ='15'!E6 -> 11 | R5: ='16'!E6 -> 10 | S5: ='17'!E6 -> 23 | T5: ='18'!E6 -> 21 | U5: ='19'!E6 -> 20 | V5: ='20'!E6 -> 6 | W5: ='21'!E6 -> 11 | X5: ='22'!E6 -> 14 | Y5: ='23'!E6 -> 10 | Z5: ='24'!E6 -> 19 | AA5: ='25'!E6 -> 15 | AB5: ='26'!E6 -> 67 | AC5: ='27'!E6 -> 4 | AD5: ='28'!E6 -> 6 | AE5: ='29'!E6 -> 3 | AF5: ='30'!E6 -> 8 | AG5: ='31'!E6 -> 17 | AI5: =SUM(C5:AG5) -> 469
B6: مشروبات | C6: ='1'!E7 -> 114 | D6: ='2'!E7 -> 132 | E6: ='3'!E7 -> 157 | F6: ='4'!E7 -> 168 | G6: ='5'!E7 -> 148 | H6: =' 6'!E7 -> 41 | I6: ='7'!E7 -> 19 | J6: ='8'!E7 -> 63 | K6: ='9'!E7 -> 12 | L6: ='10'!E7 -> 83 | M6: ='11'!E7 -> 100 | N6: ='12'!E7 -> 61 | O6: ='13'!E7 -> 33 | P6: ='14'!E7 -> 25 | Q6: ='15'!E7 -> 54 | R6: ='16'!E7 -> 60 | S6: ='17'!E7 -> 131 | T6: ='18'!E7 -> 110 | U6: ='19'!E7 -> 73 | V6: ='20'!E7 -> 20 | W6: ='21'!E7 -> 65 | X6: ='22'!E7 -> 58 | Y6: ='23'!E7 -> 36 | Z6: ='24'!E7 -> 97 | AA6: ='25'!E7 -> 135 | AB6: ='26'!E7 -> 296 | AC6: ='27'!E7 -> 50 | AD6: ='28'!E7 -> 43 | AE6: ='29'!E7 -> -7 | AF6: ='30'!E7 -> 42 | AG6: ='31'!E7 -> 92 | AI6: =SUM(C6:AG6) -> 2511
B7: كريب | C7: ='1'!E8 -> 15 | D7: ='2'!E8 -> 7 | E7: ='3'!E8 -> 16 | F7: ='4'!E8 -> 15 | G7: ='5'!E8 -> 12 | H7: =' 6'!E8 -> 2 | I7: ='7'!E8 -> 6 | J7: ='8'!E8 -> 5 | K7: ='9'!E8 -> 0 | L7: ='10'!E8 -> 4 | M7: ='11'!E8 -> 15 | N7: ='12'!E8 -> 7 | O7: ='13'!E8 -> 5 | P7: ='14'!E8 -> 9 | Q7: ='15'!E8 -> 6 | R7: ='16'!E8 -> 13 | S7: ='17'!E8 -> 18 | T7: ='18'!E8 -> 16 | U7: ='19'!E8 -> 14 | V7: ='20'!E8 -> 1 | W7: ='21'!E8 -> 6 | X7: ='22'!E8 -> 4 | Y7: ='23'!E8 -> 12 | Z7: ='24'!E8 -> 26 | AA7: ='25'!E8 -> 30 | AB7: ='26'!E8 -> 50 | AC7: ='27'!E8 -> 2 | AD7: ='28'!E8 -> 5 | AE7: ='29'!E8 -> 0 | AF7: ='30'!E8 -> 6 | AG7: ='31'!E8 -> 21 | AI7: =SUM(C7:AG7) -> 348
B8: العاب | C8: ='1'!E9 -> 30 | D8: ='2'!E9 -> 51 | E8: ='3'!E9 -> 56 | F8: ='4'!E9 -> 41 | G8: ='5'!E9 -> 37 | H8: =' 6'!E9 -> 11 | I8: ='7'!E9 -> 3 | J8: ='8'!E9 -> 22 | K8: ='9'!E9 -> 3 | L8: ='10'!E9 -> 37 | M8: ='11'!E9 -> 27 | N8: ='12'!E9 -> 24 | O8: ='13'!E9 -> 11 | P8: ='14'!E9 -> 18 | Q8: ='15'!E9 -> 13 | R8: ='16'!E9 -> 20 | S8: ='17'!E9 -> 67 | T8: ='18'!E9 -> 37 | U8: ='19'!E9 -> 31 | V8: ='20'!E9 -> 6 | W8: ='21'!E9 -> 11 | X8: ='22'!E9 -> 6 | Y8: ='23'!E9 -> 14 | Z8: ='24'!E9 -> 55 | AA8: ='25'!E9 -> 56 | AB8: ='26'!E9 -> 55 | AC8: ='27'!E9 -> 22 | AD8: ='28'!E9 -> 25 | AE8: ='29'!E9 -> 4 | AF8: ='30'!E9 -> 35 | AG8: ='31'!E9 -> 43 | AI8: =SUM(C8:AG8) -> 871
B9: مختلف | C9: ='1'!E10 -> 1 | D9: ='2'!E10 -> 8 | E9: ='3'!E10 -> 0 | F9: ='4'!E10 -> 0 | G9: ='5'!E10 -> 17 | H9: =' 6'!E10 -> 0 | I9: ='7'!E10 -> 0 | J9: ='8'!E10 -> 1 | K9: ='9'!E10 -> 0 | L9: ='10'!E10 -> 6 | M9: ='11'!E10 -> 5 | N9: ='12'!E10 -> 8 | O9: ='13'!E10 -> 1 | P9: ='14'!E10 -> 0 | Q9: ='15'!E10 -> 0 | R9: ='16'!E10 -> 1 | S9: ='17'!E10 -> 3 | T9: ='18'!E10 -> 0 | U9: ='19'!E10 -> 1 | V9: ='20'!E10 -> 0 | W9: ='21'!E10 -> 6 | X9: ='22'!E10 -> 0 | Y9: ='23'!E10 -> 2 | Z9: ='24'!E10 -> 0 | AA9: ='25'!E10 -> 2 | AB9: ='26'!E10 -> 3 | AC9: ='27'!E10 -> 1 | AD9: ='28'!E10 -> 2 | AE9: ='29'!E10 -> 0 | AF9: ='30'!E10 -> 0 | AG9: ='31'!E10 -> 3 | AI9: =SUM(C9:AG9) -> 71
B10: الاجمالي | C10: ='1'!E11 -> 186 | D10: ='2'!E11 -> 222 | E10: ='3'!E11 -> 257 | F10: ='4'!E11 -> 250 | G10: ='5'!E11 -> 241 | H10: =' 6'!E11 -> 58 | I10: ='7'!E11 -> 30 | J10: ='8'!E11 -> 98 | K10: ='9'!E11 -> 18 | L10: ='10'!E11 -> 147 | M10: ='11'!E11 -> 165 | N10: ='12'!E11 -> 110 | O10: ='13'!E11 -> 55 | P10: ='14'!E11 -> 59 | Q10: ='15'!E11 -> 84 | R10: ='16'!E11 -> 104 | S10: ='17'!E11 -> 242 | T10: ='18'!E11 -> 184 | U10: ='19'!E11 -> 139 | V10: ='20'!E11 -> 33 | W10: ='21'!E11 -> 99 | X10: ='22'!E11 -> 82 | Y10: ='23'!E11 -> 74 | Z10: ='24'!E11 -> 197 | AA10: ='25'!E11 -> 238 | AB10: ='26'!E11 -> 471 | AC10: ='27'!E11 -> 79 | AD10: ='28'!E11 -> 81 | AE10: ='29'!E11 -> 0 | AF10: ='30'!E11 -> 91 | AG10: ='31'!E11 -> 176 | AI10: =SUM(C10:AG10) -> 4270

Sheet مجموع
A1: fun park | C1: الصفحة الرئيسية
A3: التاريخ
A5: الايراد | C5: $$
B6: اراكيل | C6: =ايام!AI5 -> 1523.8889 | D6: =(C6/$C$11) -> 0.13650841
B7: مشروبات | C7: =ايام!AI6 -> 5076.7778 | D7: =(C7/$C$11) -> 0.45477257
B8: كريب | C8: =ايام!AI7 -> 1180.3333 | D8: =(C8/$C$11) -> 0.10573305
B9: العاب | C9: =ايام!AI8 -> 2150.5556 | D9: =(C9/$C$11) -> 0.19264457 | G9: =C9 -> 2150.5556
B10: مختلف | C10: =ايام!AI9 -> 1231.7778 | D10: =(C10/$C$11) -> 0.1103414
B11: الاجمالي | C11: =ايام!AI10 -> 11163.333
A12: المصاريف | C12: =ايام!AI11 -> 0
A13: اراكيل | B13: معسل | C13: =ايام!AI12 -> 200.88889 | D13: =(C13/$C$37) -> 0.012212008 | G13: =C6-SUM(C13:C15) -> 669.77778
B14: فحم | C14: =ايام!AI13 -> 595 | D14: =(C14/$C$37) -> 0.036169968
B15: نرابيج و لوازم | C15: =ايام!AI14 -> 58.222222 | D15: =(C15/$C$37) -> 0.0035393209
A16: عصائر | B16: فواكهة | C16: =ايام!AI15 -> 238.11111 | D16: =(C16/$C$37) -> 0.014474742 | G16: =C7+C8+C9-SUM(C16:C30)+C33+C34 -> 6278.2222
B17: عسل | C17: =ايام!AI16 -> 257.44444 | D17: =(C17/$C$37) -> 0.015650013
B18: نسلة | C18: =ايام!AI17 -> 0 | D18: =(C18/$C$37) -> 0
B19: شوكولا | C19: =ايام!AI18 -> 325.77778 | D19: =(C19/$C$37) -> 0.019803986
B20: حليب | C20: =ايام!AI19 -> 0 | D20: =(C20/$C$37) -> 0
B21: مشروبات غازية | C21: =ايام!AI20 -> 197 | D21: =(C21/$C$37) -> 0.011975603
B22: نيسكافيه و كابتشينو | C22: =ايام!AI21 -> 20 | D22: =(C22/$C$37) -> 0.0012157973
B23: قهوة مكنة | C23: =ايام!AI22 -> 69 | D23: =(C23/$C$37) -> 0.0041945005
B24: لوازم أخرى | C24: =ايام!AI23 -> 98.333322 | D24: =(C24/$C$37) -> 0.0059776692
A25: لوازم | B25: كبيايات | C25: =ايام!AI24 -> 0 | D25: =(C25/$C$37) -> 0
B26: محارم | C26: =ايام!AI25 -> 66 | D26: =(C26/$C$37) -> 0.004012131
B27: مواد تنظيف | C27: =ايام!AI26 -> 97.333333 | D27: =(C27/$C$37) -> 0.00591688
B28: مختلف | C28: =ايام!AI27 -> 191.22222 | D28: =(C28/$C$37) -> 0.011624373
B29: مازوت | C29: =ايام!AI28 -> 0 | D29: =(C29/$C$37) -> 0
B30: صيانة | C30: =ايام!AI29 -> 635.88889 | D30: =(C30/$C$37) -> 0.038655598
B31: اقتناء أصول | C31: =ايام!AI30 -> 9656 | D31: =(C31/$C$37) -> 0.58698692
B32: سلف موظفين | C32: =ايام!AI31 -> 411.66667 | D32: =(C32/$C$37) -> 0.02502516
B33: بنزين | C33: =ايام!AI32 -> 0 | D33: =(C33/$C$37) -> 0
B34: نقل | C34: =ايام!AI33 -> 66.666667 | D34: =(C34/$C$37) -> 0.0040526575
B35: رواتب | C35: =ايام!AI34 -> 3265.5556 | D35: =(C35/$C$37) -> 0.19851267
A37: اجمالي المصاريف | C37: =SUM(C13:C35) -> 16450.111
A38: رصيد نقدية افتتاحي | C38: 27120.389
A40: الرصيد الحالي | C40: =C11+C38-C37 -> 21833.611
A43: ملاحظات

Sheet دراسة
A2: الصنف | B2: قيمة | C2: كمية | D2: دراسة الايرادات | S2: الصفحة الرئيسية
A3: اراكيل | B3: =مجموع!C6 -> 1523.8889 | C3: =كميات!AI5 -> 469
A4: مشروبات | B4: =مجموع!C7 -> 5076.7778 | C4: =كميات!AI6 -> 2511
A5: كريب | B5: =مجموع!C8 -> 1180.3333 | C5: =كميات!AI7 -> 348
A6: العاب | B6: =مجموع!C9 -> 2150.5556 | C6: =كميات!AI8 -> 871
A7: مختلف | B7: =مجموع!C10 -> 1231.7778 | C7: =كميات!AI9 -> 71
A10: دراسة الاعباء | D10: دراسة الاعباء
A11: =مجموع!B13 -> معسل | B11: =مجموع!C13 -> 200.88889
A12: =مجموع!B14 -> فحم | B12: =مجموع!C14 -> 595
A13: =مجموع!B15 -> نرابيج و لوازم | B13: =مجموع!C15 -> 58.222222
A14: =مجموع!B16 -> فواكهة | B14: =مجموع!C16 -> 238.11111
A15: =مجموع!B17 -> عسل | B15: =مجموع!C17 -> 257.44444
A16: =مجموع!B18 -> نسلة | B16: =مجموع!C18 -> 0
A17: =مجموع!B19 -> شوكولا | B17: =مجموع!C19 -> 325.77778
A18: =مجموع!B20 -> حليب | B18: =مجموع!C20 -> 0
A19: =مجموع!B21 -> مشروبات غازية | B19: =مجموع!C21 -> 197
A20: =مجموع!B22 -> نيسكافيه و كابتشينو | B20: =مجموع!C22 -> 20
A21: =مجموع!B23 -> قهوة مكنة | B21: =مجموع!C23 -> 69
A22: =مجموع!B24 -> لوازم أخرى | B22: =مجموع!C24 -> 98.333322
... A33: =مجموع!B35 -> رواتب | B33: =مجموع!C35 -> 3265.5556

Sheet سلف
A1: الاسم | B1: القيمة | C1: التاريح | F1: Row Labels | G1: Sum of القيمة
A2: عمار | B2: 250000 | C2: 45931 | F2: ابو جعفر | G2: 2300000
A3: سلامة | B3: 500000 | C3: 45931 | F3: حسين | G3: 4640000
A4: عمار | B4: 1800000 | C4: 45932 | F4: زين | G4: 800000
A5: ابو جعفر | B5: 100000 | C5: 45932 | F5: سلامة | G5: 500000
A6: مجد | B6: 100000 | C6: 45932 | F6: عمار | G6: 9700000
A7: مصطفى | B7: 1160000 | C7: 45933 | F7: مجد | G7: 17050000
A8: عمار | B8: 200000 | C8: 45933 | F8: مصطفى | G8: 2060000
A9: عمار | B9: 100000 | C9: 45934 | F9: Grand Total | G9: 37050000
A10: مجد | B10: 100000 | C10: 45934
A11: عمار | B11: 350000 | C11: 45935
A12: عمار | B12: 280000 | C12: 45936
A13: عمار | B13: 100000 | C13: 45936
A14: عمار | B14: 1370000 | C14: 45940
A15: مجد | B15: 100000 | C15: 45940
A16: مجد | B16: 100000 | C16: 45941
A17: عمار | B17: 900000 | C17: 45942
A18: زين | B18: 100000 | C18: 45942
A19: زين | B19: 100000 | C19: 45944
A20: عمار | B20: 200000 | C20: 45945
A21: عمار | B21: 200000 | C21: 45946
... A58: مجد | B58: 13500000 | C58: 45961
B60: =SUM(B2:B58) -> 37050000
B61: =B60/90000 -> 411.66667
B80: =SUM(B2:B79) -> 74100412 | C80: =B80/90000 -> 823.33791
B102: =SUM(B2:B101) -> 1.4820082e+08 | C102: =B102/90000 -> 1646.6758
A104: اكرم | B104: 45720
A105: ملك | B105: 45727
A106: رياض | B106: 45729
A107: اكرم غياب 4 ايام - وفاة والدته
B109: =10000/90 -> 111.11111
B110: 38
B111: =2000000/90000 -> 22.222222
B112: 110
B114: =SUM(B109:B112) -> 281.33333
B115: =355-B114 -> 73.666667

Sheet حيدر
D1: فحم 13 كرتونة | E1: =13*1.75*10 -> 227.5
A2: فحم 16 كرتونة | D2: شمسيات | E2: 12
D3: اكياس بوالين | E3: 12
D4: كراسي | E4: 1500
B5: =201+73+61 -> 335 | D5: ورد و فازات | E5: 71.5
A6: فواتير من بيروت | B6: 12 | D6: سياج | E6: 80
A7: فواتير من بيروت | B7: 12 | D7: شريط اضائة | E7: 39
A8: ورد و فازات | B8: 72 | D8: ميكي موس | E8: 570
A9: سياج عدد 8 | B9: 80 | D9: زينة | E9: =201+73 -> 274
A10: شريط اضائة | B10: 39 | D10: ورد و فازات | E10: 61
D11: بنزين | E11: 25
D12: ساعة التابلو | E12: 70
D13: ثمن لمبات طاقة شمسية | E13: 270
D14: اراكيل و | E14: 428
D15: اغراض | E15: 230
D16: اغراض | E16: 24
D17: خشب | E17: 100
D18: خشب | E18: 20
D19: العاب | E19: 143
D20: ورد | E20: 40
D21: لمبات | E21: 64
D22: مكنة غزل البنات و بوشار | E22: 290
... D35: دفعة | E35: -2915
D38: total | E38: =SUM(E1:E35) -> 0

Sheet مسحوبات
A2: جعفر | C2: محمد
A3: 100 | C3: 300
C4: 350
A12: =SUM(A3:A11) -> 100 | C12: =SUM(C3:C11) -> 650
